"wojewodztwo","powiat_miasto","liczba_szczepien_ogolnie","liczba_szczepien_dziennie","dawka_2_ogolem","dawka_2_dziennie","teryt","name","Date","stan_rekordu_na"
"woj_puste","pow_puste",4,0,0,0,"t00","20211005074502_rap_rcb_pow_eksport_vac.csv",2021-10-05,2021-10-04
"dolnośląskie","bolesławiecki",75055,83,33736,10,"t0201","20211005074502_rap_rcb_pow_eksport_vac.csv",2021-10-05,2021-10-04
"dolnośląskie","dzierżoniowski",70993,48,33098,1,"t0202","20211005074502_rap_rcb_pow_eksport_vac.csv",2021-10-05,2021-10-04
"dolnośląskie","głogowski",67110,19,30270,6,"t0203","20211005074502_rap_rcb_pow_eksport_vac.csv",2021-10-05,2021-10-04
"dolnośląskie","górowski",27199,0,12329,0,"t0204","20211005074502_rap_rcb_pow_eksport_vac.csv",2021-10-05,2021-10-04
"dolnośląskie","jaworski",40058,4,18038,0,"t0205","20211005074502_rap_rcb_pow_eksport_vac.csv",2021-10-05,2021-10-04
"dolnośląskie","jeleniogórski",52579,69,24218,17,"t0206","20211005074502_rap_rcb_pow_eksport_vac.csv",2021-10-05,2021-10-04
"dolnośląskie","kamiennogórski",32927,58,15315,12,"t0207","20211005074502_rap_rcb_pow_eksport_vac.csv",2021-10-05,2021-10-04
"dolnośląskie","kłodzki",132089,60,61574,8,"t0208","20211005074502_rap_rcb_pow_eksport_vac.csv",2021-10-05,2021-10-04
"dolnośląskie","legnicki",44945,5,19986,2,"t0209","20211005074502_rap_rcb_pow_eksport_vac.csv",2021-10-05,2021-10-04
"dolnośląskie","lubański",30871,49,12962,8,"t0210","20211005074502_rap_rcb_pow_eksport_vac.csv",2021-10-05,2021-10-04
"dolnośląskie","lubiński",128120,115,60773,12,"t0211","20211005074502_rap_rcb_pow_eksport_vac.csv",2021-10-05,2021-10-04
"dolnośląskie","lwówecki",43072,0,19910,0,"t0212","20211005074502_rap_rcb_pow_eksport_vac.csv",2021-10-05,2021-10-04
"dolnośląskie","milicki",35331,56,16619,0,"t0213","20211005074502_rap_rcb_pow_eksport_vac.csv",2021-10-05,2021-10-04
"dolnośląskie","oleśnicki",102340,74,46520,8,"t0214","20211005074502_rap_rcb_pow_eksport_vac.csv",2021-10-05,2021-10-04
"dolnośląskie","oławski",46177,0,21741,0,"t0215","20211005074502_rap_rcb_pow_eksport_vac.csv",2021-10-05,2021-10-04
"dolnośląskie","polkowicki",42663,0,18640,0,"t0216","20211005074502_rap_rcb_pow_eksport_vac.csv",2021-10-05,2021-10-04
"dolnośląskie","strzeliński",38202,0,17767,0,"t0217","20211005074502_rap_rcb_pow_eksport_vac.csv",2021-10-05,2021-10-04
"dolnośląskie","średzki",22704,23,10678,4,"t0218","20211005074502_rap_rcb_pow_eksport_vac.csv",2021-10-05,2021-10-04
"dolnośląskie","świdnicki",105703,63,48200,3,"t0219","20211005074502_rap_rcb_pow_eksport_vac.csv",2021-10-05,2021-10-04
"dolnośląskie","trzebnicki",61410,22,29384,4,"t0220","20211005074502_rap_rcb_pow_eksport_vac.csv",2021-10-05,2021-10-04
"dolnośląskie","wałbrzyski",32205,0,15265,0,"t0221","20211005074502_rap_rcb_pow_eksport_vac.csv",2021-10-05,2021-10-04
"dolnośląskie","wołowski",43530,12,19365,6,"t0222","20211005074502_rap_rcb_pow_eksport_vac.csv",2021-10-05,2021-10-04
"dolnośląskie","wrocławski",105801,50,50177,11,"t0223","20211005074502_rap_rcb_pow_eksport_vac.csv",2021-10-05,2021-10-04
"dolnośląskie","ząbkowicki",57344,86,26567,40,"t0224","20211005074502_rap_rcb_pow_eksport_vac.csv",2021-10-05,2021-10-04
"dolnośląskie","zgorzelecki",61573,80,27825,2,"t0225","20211005074502_rap_rcb_pow_eksport_vac.csv",2021-10-05,2021-10-04
"dolnośląskie","złotoryjski",35965,12,16145,1,"t0226","20211005074502_rap_rcb_pow_eksport_vac.csv",2021-10-05,2021-10-04
"dolnośląskie","Jelenia Góra",92911,120,44304,19,"t0261","20211005074502_rap_rcb_pow_eksport_vac.csv",2021-10-05,2021-10-04
"dolnośląskie","Legnica",92956,100,43364,18,"t0262","20211005074502_rap_rcb_pow_eksport_vac.csv",2021-10-05,2021-10-04
"dolnośląskie","Wrocław",1080781,1301,502723,162,"t0264","20211005074502_rap_rcb_pow_eksport_vac.csv",2021-10-05,2021-10-04
"dolnośląskie","Wałbrzych",215702,318,99902,34,"t0265","20211005074502_rap_rcb_pow_eksport_vac.csv",2021-10-05,2021-10-04
"kujawsko-pomorskie","aleksandrowski",134739,61,63763,4,"t0401","20211005074502_rap_rcb_pow_eksport_vac.csv",2021-10-05,2021-10-04
"kujawsko-pomorskie","brodnicki",74546,137,34758,27,"t0402","20211005074502_rap_rcb_pow_eksport_vac.csv",2021-10-05,2021-10-04
"kujawsko-pomorskie","bydgoski",79159,60,37290,2,"t0403","20211005074502_rap_rcb_pow_eksport_vac.csv",2021-10-05,2021-10-04
"kujawsko-pomorskie","chełmiński",43128,14,20066,4,"t0404","20211005074502_rap_rcb_pow_eksport_vac.csv",2021-10-05,2021-10-04
"kujawsko-pomorskie","golubsko-dobrzyński",36915,10,17085,0,"t0405","20211005074502_rap_rcb_pow_eksport_vac.csv",2021-10-05,2021-10-04
"kujawsko-pomorskie","grudziądzki",27225,5,12322,2,"t0406","20211005074502_rap_rcb_pow_eksport_vac.csv",2021-10-05,2021-10-04
"kujawsko-pomorskie","inowrocławski",107400,61,50704,18,"t0407","20211005074502_rap_rcb_pow_eksport_vac.csv",2021-10-05,2021-10-04
"kujawsko-pomorskie","lipnowski",55100,29,25258,2,"t0408","20211005074502_rap_rcb_pow_eksport_vac.csv",2021-10-05,2021-10-04
"kujawsko-pomorskie","mogileński",34193,10,15880,3,"t0409","20211005074502_rap_rcb_pow_eksport_vac.csv",2021-10-05,2021-10-04
"kujawsko-pomorskie","nakielski",87673,43,38916,10,"t0410","20211005074502_rap_rcb_pow_eksport_vac.csv",2021-10-05,2021-10-04
"kujawsko-pomorskie","radziejowski",45427,12,21213,0,"t0411","20211005074502_rap_rcb_pow_eksport_vac.csv",2021-10-05,2021-10-04
"kujawsko-pomorskie","rypiński",37138,42,17319,26,"t0412","20211005074502_rap_rcb_pow_eksport_vac.csv",2021-10-05,2021-10-04
"kujawsko-pomorskie","sępoleński",49811,92,22779,34,"t0413","20211005074502_rap_rcb_pow_eksport_vac.csv",2021-10-05,2021-10-04
"kujawsko-pomorskie","świecki",80953,70,36960,14,"t0414","20211005074502_rap_rcb_pow_eksport_vac.csv",2021-10-05,2021-10-04
"kujawsko-pomorskie","toruński",73695,82,32338,14,"t0415","20211005074502_rap_rcb_pow_eksport_vac.csv",2021-10-05,2021-10-04
"kujawsko-pomorskie","tucholski",40456,14,18493,0,"t0416","20211005074502_rap_rcb_pow_eksport_vac.csv",2021-10-05,2021-10-04
"kujawsko-pomorskie","wąbrzeski",29239,41,13246,13,"t0417","20211005074502_rap_rcb_pow_eksport_vac.csv",2021-10-05,2021-10-04
"kujawsko-pomorskie","włocławski",67032,48,31849,24,"t0418","20211005074502_rap_rcb_pow_eksport_vac.csv",2021-10-05,2021-10-04
"kujawsko-pomorskie","żniński",54059,58,25600,7,"t0419","20211005074502_rap_rcb_pow_eksport_vac.csv",2021-10-05,2021-10-04
"kujawsko-pomorskie","Bydgoszcz",447392,504,207068,48,"t0461","20211005074502_rap_rcb_pow_eksport_vac.csv",2021-10-05,2021-10-04
"kujawsko-pomorskie","Grudziądz",127310,178,58561,19,"t0462","20211005074502_rap_rcb_pow_eksport_vac.csv",2021-10-05,2021-10-04
"kujawsko-pomorskie","Toruń",201617,342,92057,39,"t0463","20211005074502_rap_rcb_pow_eksport_vac.csv",2021-10-05,2021-10-04
"kujawsko-pomorskie","Włocławek",98066,101,43828,14,"t0464","20211005074502_rap_rcb_pow_eksport_vac.csv",2021-10-05,2021-10-04
"lubelskie","bialski",63472,37,28924,10,"t0601","20211005074502_rap_rcb_pow_eksport_vac.csv",2021-10-05,2021-10-04
"lubelskie","biłgorajski",55865,8,26451,0,"t0602","20211005074502_rap_rcb_pow_eksport_vac.csv",2021-10-05,2021-10-04
"lubelskie","chełmski",37130,5,17454,0,"t0603","20211005074502_rap_rcb_pow_eksport_vac.csv",2021-10-05,2021-10-04
"lubelskie","hrubieszowski",46447,46,21229,1,"t0604","20211005074502_rap_rcb_pow_eksport_vac.csv",2021-10-05,2021-10-04
"lubelskie","janowski",32257,71,14994,22,"t0605","20211005074502_rap_rcb_pow_eksport_vac.csv",2021-10-05,2021-10-04
"lubelskie","krasnostawski",42580,48,19512,3,"t0606","20211005074502_rap_rcb_pow_eksport_vac.csv",2021-10-05,2021-10-04
"lubelskie","kraśnicki",68729,24,32409,1,"t0607","20211005074502_rap_rcb_pow_eksport_vac.csv",2021-10-05,2021-10-04
"lubelskie","lubartowski",57216,46,26773,24,"t0608","20211005074502_rap_rcb_pow_eksport_vac.csv",2021-10-05,2021-10-04
"lubelskie","lubelski",87181,62,39640,12,"t0609","20211005074502_rap_rcb_pow_eksport_vac.csv",2021-10-05,2021-10-04
"lubelskie","łęczyński",41299,78,19669,15,"t0610","20211005074502_rap_rcb_pow_eksport_vac.csv",2021-10-05,2021-10-04
"lubelskie","łukowski",58464,35,27334,8,"t0611","20211005074502_rap_rcb_pow_eksport_vac.csv",2021-10-05,2021-10-04
"lubelskie","opolski",46738,6,21501,1,"t0612","20211005074502_rap_rcb_pow_eksport_vac.csv",2021-10-05,2021-10-04
"lubelskie","parczewski",29009,7,13335,1,"t0613","20211005074502_rap_rcb_pow_eksport_vac.csv",2021-10-05,2021-10-04
"lubelskie","puławski",101332,164,47970,15,"t0614","20211005074502_rap_rcb_pow_eksport_vac.csv",2021-10-05,2021-10-04
"lubelskie","radzyński",31719,13,14958,0,"t0615","20211005074502_rap_rcb_pow_eksport_vac.csv",2021-10-05,2021-10-04
"lubelskie","rycki",55083,14,26354,0,"t0616","20211005074502_rap_rcb_pow_eksport_vac.csv",2021-10-05,2021-10-04
"lubelskie","świdnicki",48125,90,22794,14,"t0617","20211005074502_rap_rcb_pow_eksport_vac.csv",2021-10-05,2021-10-04
"lubelskie","tomaszowski",57961,21,26704,0,"t0618","20211005074502_rap_rcb_pow_eksport_vac.csv",2021-10-05,2021-10-04
"lubelskie","włodawski",35874,36,16684,3,"t0619","20211005074502_rap_rcb_pow_eksport_vac.csv",2021-10-05,2021-10-04
"lubelskie","zamojski",50015,21,24248,1,"t0620","20211005074502_rap_rcb_pow_eksport_vac.csv",2021-10-05,2021-10-04
"lubelskie","Biała Podlaska",72685,151,34004,20,"t0661","20211005074502_rap_rcb_pow_eksport_vac.csv",2021-10-05,2021-10-04
"lubelskie","Chełm",65668,45,29781,7,"t0662","20211005074502_rap_rcb_pow_eksport_vac.csv",2021-10-05,2021-10-04
"lubelskie","Lublin",461275,690,208900,74,"t0663","20211005074502_rap_rcb_pow_eksport_vac.csv",2021-10-05,2021-10-04
"lubelskie","Zamość",92685,65,43311,17,"t0664","20211005074502_rap_rcb_pow_eksport_vac.csv",2021-10-05,2021-10-04
"lubuskie","gorzowski",30376,0,14088,0,"t0801","20211005074502_rap_rcb_pow_eksport_vac.csv",2021-10-05,2021-10-04
"lubuskie","krośnieński",52353,6,24565,0,"t0802","20211005074502_rap_rcb_pow_eksport_vac.csv",2021-10-05,2021-10-04
"lubuskie","międzyrzecki",69055,100,31971,11,"t0803","20211005074502_rap_rcb_pow_eksport_vac.csv",2021-10-05,2021-10-04
"lubuskie","nowosolski",95254,104,42276,17,"t0804","20211005074502_rap_rcb_pow_eksport_vac.csv",2021-10-05,2021-10-04
"lubuskie","słubicki",39969,53,18900,4,"t0805","20211005074502_rap_rcb_pow_eksport_vac.csv",2021-10-05,2021-10-04
"lubuskie","strzelecko-drezdenecki",52483,37,23307,0,"t0806","20211005074502_rap_rcb_pow_eksport_vac.csv",2021-10-05,2021-10-04
"lubuskie","sulęciński",32339,17,14491,3,"t0807","20211005074502_rap_rcb_pow_eksport_vac.csv",2021-10-05,2021-10-04
"lubuskie","świebodziński",56574,29,26104,2,"t0808","20211005074502_rap_rcb_pow_eksport_vac.csv",2021-10-05,2021-10-04
"lubuskie","zielonogórski",91208,21,42205,6,"t0809","20211005074502_rap_rcb_pow_eksport_vac.csv",2021-10-05,2021-10-04
"lubuskie","żagański",71128,41,32033,0,"t0810","20211005074502_rap_rcb_pow_eksport_vac.csv",2021-10-05,2021-10-04
"lubuskie","żarski",102946,77,47990,6,"t0811","20211005074502_rap_rcb_pow_eksport_vac.csv",2021-10-05,2021-10-04
"lubuskie","wschowski",28241,16,13498,1,"t0812","20211005074502_rap_rcb_pow_eksport_vac.csv",2021-10-05,2021-10-04
"lubuskie","Gorzów Wielkopolski",158585,210,71865,35,"t0861","20211005074502_rap_rcb_pow_eksport_vac.csv",2021-10-05,2021-10-04
"lubuskie","Zielona Góra",156081,149,73599,29,"t0862","20211005074502_rap_rcb_pow_eksport_vac.csv",2021-10-05,2021-10-04
"łódzkie","bełchatowski",76381,41,34782,2,"t1001","20211005074502_rap_rcb_pow_eksport_vac.csv",2021-10-05,2021-10-04
"łódzkie","kutnowski",91427,54,44190,5,"t1002","20211005074502_rap_rcb_pow_eksport_vac.csv",2021-10-05,2021-10-04
"łódzkie","łaski",37039,0,17654,0,"t1003","20211005074502_rap_rcb_pow_eksport_vac.csv",2021-10-05,2021-10-04
"łódzkie","łęczycki",53193,33,24476,1,"t1004","20211005074502_rap_rcb_pow_eksport_vac.csv",2021-10-05,2021-10-04
"łódzkie","łowicki",92490,44,43990,12,"t1005","20211005074502_rap_rcb_pow_eksport_vac.csv",2021-10-05,2021-10-04
"łódzkie","łódzki wschodni",38408,27,17313,24,"t1006","20211005074502_rap_rcb_pow_eksport_vac.csv",2021-10-05,2021-10-04
"łódzkie","opoczyński",61700,47,27814,11,"t1007","20211005074502_rap_rcb_pow_eksport_vac.csv",2021-10-05,2021-10-04
"łódzkie","pabianicki",111604,33,52589,8,"t1008","20211005074502_rap_rcb_pow_eksport_vac.csv",2021-10-05,2021-10-04
"łódzkie","pajęczański",30477,1,13886,0,"t1009","20211005074502_rap_rcb_pow_eksport_vac.csv",2021-10-05,2021-10-04
"łódzkie","piotrkowski",51662,0,23980,0,"t1010","20211005074502_rap_rcb_pow_eksport_vac.csv",2021-10-05,2021-10-04
"łódzkie","poddębicki",38275,4,18035,2,"t1011","20211005074502_rap_rcb_pow_eksport_vac.csv",2021-10-05,2021-10-04
"łódzkie","radomszczański",91123,3,42987,0,"t1012","20211005074502_rap_rcb_pow_eksport_vac.csv",2021-10-05,2021-10-04
"łódzkie","rawski",29931,9,13722,5,"t1013","20211005074502_rap_rcb_pow_eksport_vac.csv",2021-10-05,2021-10-04
"łódzkie","sieradzki",103287,34,47010,13,"t1014","20211005074502_rap_rcb_pow_eksport_vac.csv",2021-10-05,2021-10-04
"łódzkie","skierniewicki",24617,16,11598,5,"t1015","20211005074502_rap_rcb_pow_eksport_vac.csv",2021-10-05,2021-10-04
"łódzkie","tomaszowski",108726,149,51311,18,"t1016","20211005074502_rap_rcb_pow_eksport_vac.csv",2021-10-05,2021-10-04
"łódzkie","wieluński",89724,11,42595,3,"t1017","20211005074502_rap_rcb_pow_eksport_vac.csv",2021-10-05,2021-10-04
"łódzkie","wieruszowski",33977,13,15383,8,"t1018","20211005074502_rap_rcb_pow_eksport_vac.csv",2021-10-05,2021-10-04
"łódzkie","zduńskowolski",51419,28,23823,0,"t1019","20211005074502_rap_rcb_pow_eksport_vac.csv",2021-10-05,2021-10-04
"łódzkie","zgierski",133770,110,62668,5,"t1020","20211005074502_rap_rcb_pow_eksport_vac.csv",2021-10-05,2021-10-04
"łódzkie","brzeziński",35576,0,16948,0,"t1021","20211005074502_rap_rcb_pow_eksport_vac.csv",2021-10-05,2021-10-04
"łódzkie","Łódź",928740,580,435364,103,"t1061","20211005074502_rap_rcb_pow_eksport_vac.csv",2021-10-05,2021-10-04
"łódzkie","Piotrków Trybunalski",84965,45,39312,5,"t1062","20211005074502_rap_rcb_pow_eksport_vac.csv",2021-10-05,2021-10-04
"łódzkie","Skierniewice",74822,80,35021,23,"t1063","20211005074502_rap_rcb_pow_eksport_vac.csv",2021-10-05,2021-10-04
"małopolskie","bocheński",80379,21,36043,3,"t1201","20211005074502_rap_rcb_pow_eksport_vac.csv",2021-10-05,2021-10-04
"małopolskie","brzeski",68763,54,31857,16,"t1202","20211005074502_rap_rcb_pow_eksport_vac.csv",2021-10-05,2021-10-04
"małopolskie","chrzanowski",113704,136,52157,15,"t1203","20211005074502_rap_rcb_pow_eksport_vac.csv",2021-10-05,2021-10-04
"małopolskie","dąbrowski",43464,33,20324,7,"t1204","20211005074502_rap_rcb_pow_eksport_vac.csv",2021-10-05,2021-10-04
"małopolskie","gorlicki",87898,65,41472,11,"t1205","20211005074502_rap_rcb_pow_eksport_vac.csv",2021-10-05,2021-10-04
"małopolskie","krakowski",163726,57,76519,12,"t1206","20211005074502_rap_rcb_pow_eksport_vac.csv",2021-10-05,2021-10-04
"małopolskie","limanowski",90943,34,41727,17,"t1207","20211005074502_rap_rcb_pow_eksport_vac.csv",2021-10-05,2021-10-04
"małopolskie","miechowski",62024,38,29649,8,"t1208","20211005074502_rap_rcb_pow_eksport_vac.csv",2021-10-05,2021-10-04
"małopolskie","myślenicki",106443,59,49860,24,"t1209","20211005074502_rap_rcb_pow_eksport_vac.csv",2021-10-05,2021-10-04
"małopolskie","nowosądecki",133756,48,59816,1,"t1210","20211005074502_rap_rcb_pow_eksport_vac.csv",2021-10-05,2021-10-04
"małopolskie","nowotarski",133772,0,60834,0,"t1211","20211005074502_rap_rcb_pow_eksport_vac.csv",2021-10-05,2021-10-04
"małopolskie","olkuski",111885,12,51880,0,"t1212","20211005074502_rap_rcb_pow_eksport_vac.csv",2021-10-05,2021-10-04
"małopolskie","oświęcimski",124297,38,58410,6,"t1213","20211005074502_rap_rcb_pow_eksport_vac.csv",2021-10-05,2021-10-04
"małopolskie","proszowicki",44848,28,21322,0,"t1214","20211005074502_rap_rcb_pow_eksport_vac.csv",2021-10-05,2021-10-04
"małopolskie","suski",70362,20,33312,1,"t1215","20211005074502_rap_rcb_pow_eksport_vac.csv",2021-10-05,2021-10-04
"małopolskie","tarnowski",97447,31,45256,11,"t1216","20211005074502_rap_rcb_pow_eksport_vac.csv",2021-10-05,2021-10-04
"małopolskie","tatrzański",36355,24,17068,1,"t1217","20211005074502_rap_rcb_pow_eksport_vac.csv",2021-10-05,2021-10-04
"małopolskie","wadowicki",123007,95,55186,31,"t1218","20211005074502_rap_rcb_pow_eksport_vac.csv",2021-10-05,2021-10-04
"małopolskie","wielicki",113400,69,51331,11,"t1219","20211005074502_rap_rcb_pow_eksport_vac.csv",2021-10-05,2021-10-04
"małopolskie","Kraków",1211130,1454,570290,207,"t1261","20211005074502_rap_rcb_pow_eksport_vac.csv",2021-10-05,2021-10-04
"małopolskie","Nowy Sącz",65676,43,30959,2,"t1262","20211005074502_rap_rcb_pow_eksport_vac.csv",2021-10-05,2021-10-04
"małopolskie","Tarnów",117327,54,53381,12,"t1263","20211005074502_rap_rcb_pow_eksport_vac.csv",2021-10-05,2021-10-04
"mazowieckie","białobrzeski",36590,52,17351,6,"t1401","20211005074502_rap_rcb_pow_eksport_vac.csv",2021-10-05,2021-10-04
"mazowieckie","ciechanowski",81931,47,38703,4,"t1402","20211005074502_rap_rcb_pow_eksport_vac.csv",2021-10-05,2021-10-04
"mazowieckie","garwoliński",84632,37,40501,23,"t1403","20211005074502_rap_rcb_pow_eksport_vac.csv",2021-10-05,2021-10-04
"mazowieckie","gostyniński",28997,0,13975,0,"t1404","20211005074502_rap_rcb_pow_eksport_vac.csv",2021-10-05,2021-10-04
"mazowieckie","grodziski",97944,82,44772,12,"t1405","20211005074502_rap_rcb_pow_eksport_vac.csv",2021-10-05,2021-10-04
"mazowieckie","grójecki",107909,49,50667,26,"t1406","20211005074502_rap_rcb_pow_eksport_vac.csv",2021-10-05,2021-10-04
"mazowieckie","kozienicki",45103,23,21491,2,"t1407","20211005074502_rap_rcb_pow_eksport_vac.csv",2021-10-05,2021-10-04
"mazowieckie","legionowski",78692,37,34351,2,"t1408","20211005074502_rap_rcb_pow_eksport_vac.csv",2021-10-05,2021-10-04
"mazowieckie","lipski",27019,28,12848,19,"t1409","20211005074502_rap_rcb_pow_eksport_vac.csv",2021-10-05,2021-10-04
"mazowieckie","łosicki",19028,21,9174,9,"t1410","20211005074502_rap_rcb_pow_eksport_vac.csv",2021-10-05,2021-10-04
"mazowieckie","makowski",42553,18,19621,0,"t1411","20211005074502_rap_rcb_pow_eksport_vac.csv",2021-10-05,2021-10-04
"mazowieckie","miński",132192,83,59355,35,"t1412","20211005074502_rap_rcb_pow_eksport_vac.csv",2021-10-05,2021-10-04
"mazowieckie","mławski",62397,56,29684,20,"t1413","20211005074502_rap_rcb_pow_eksport_vac.csv",2021-10-05,2021-10-04
"mazowieckie","nowodworski",115567,107,53168,16,"t1414","20211005074502_rap_rcb_pow_eksport_vac.csv",2021-10-05,2021-10-04
"mazowieckie","ostrołęcki",50709,5,23833,4,"t1415","20211005074502_rap_rcb_pow_eksport_vac.csv",2021-10-05,2021-10-04
"mazowieckie","ostrowski",51729,39,25191,24,"t1416","20211005074502_rap_rcb_pow_eksport_vac.csv",2021-10-05,2021-10-04
"mazowieckie","otwocki",94413,72,45289,26,"t1417","20211005074502_rap_rcb_pow_eksport_vac.csv",2021-10-05,2021-10-04
"mazowieckie","piaseczyński",249897,171,116331,18,"t1418","20211005074502_rap_rcb_pow_eksport_vac.csv",2021-10-05,2021-10-04
"mazowieckie","płocki",88035,14,41730,0,"t1419","20211005074502_rap_rcb_pow_eksport_vac.csv",2021-10-05,2021-10-04
"mazowieckie","płoński",81560,36,37937,1,"t1420","20211005074502_rap_rcb_pow_eksport_vac.csv",2021-10-05,2021-10-04
"mazowieckie","pruszkowski",138889,74,65281,1,"t1421","20211005074502_rap_rcb_pow_eksport_vac.csv",2021-10-05,2021-10-04
"mazowieckie","przasnyski",51415,6,24565,0,"t1422","20211005074502_rap_rcb_pow_eksport_vac.csv",2021-10-05,2021-10-04
"mazowieckie","przysuski",29489,14,13873,10,"t1423","20211005074502_rap_rcb_pow_eksport_vac.csv",2021-10-05,2021-10-04
"mazowieckie","pułtuski",47718,20,22671,4,"t1424","20211005074502_rap_rcb_pow_eksport_vac.csv",2021-10-05,2021-10-04
"mazowieckie","radomski",65403,6,30692,3,"t1425","20211005074502_rap_rcb_pow_eksport_vac.csv",2021-10-05,2021-10-04
"mazowieckie","siedlecki",31797,10,15211,4,"t1426","20211005074502_rap_rcb_pow_eksport_vac.csv",2021-10-05,2021-10-04
"mazowieckie","sierpecki",45861,30,21819,25,"t1427","20211005074502_rap_rcb_pow_eksport_vac.csv",2021-10-05,2021-10-04
"mazowieckie","sochaczewski",85145,35,40192,17,"t1428","20211005074502_rap_rcb_pow_eksport_vac.csv",2021-10-05,2021-10-04
"mazowieckie","sokołowski",43344,11,20340,0,"t1429","20211005074502_rap_rcb_pow_eksport_vac.csv",2021-10-05,2021-10-04
"mazowieckie","szydłowiecki",21584,11,9544,6,"t1430","20211005074502_rap_rcb_pow_eksport_vac.csv",2021-10-05,2021-10-04
"mazowieckie","warszawski zachodni",117479,109,55511,10,"t1432","20211005074502_rap_rcb_pow_eksport_vac.csv",2021-10-05,2021-10-04
"mazowieckie","węgrowski",47487,13,22610,9,"t1433","20211005074502_rap_rcb_pow_eksport_vac.csv",2021-10-05,2021-10-04
"mazowieckie","wołomiński",217597,153,97635,18,"t1434","20211005074502_rap_rcb_pow_eksport_vac.csv",2021-10-05,2021-10-04
"mazowieckie","wyszkowski",64299,47,30595,29,"t1435","20211005074502_rap_rcb_pow_eksport_vac.csv",2021-10-05,2021-10-04
"mazowieckie","zwoleński",29043,23,13894,0,"t1436","20211005074502_rap_rcb_pow_eksport_vac.csv",2021-10-05,2021-10-04
"mazowieckie","żuromiński",30119,0,14783,0,"t1437","20211005074502_rap_rcb_pow_eksport_vac.csv",2021-10-05,2021-10-04
"mazowieckie","żyrardowski",58862,99,27507,11,"t1438","20211005074502_rap_rcb_pow_eksport_vac.csv",2021-10-05,2021-10-04
"mazowieckie","Ostrołęka",72453,54,34321,14,"t1461","20211005074502_rap_rcb_pow_eksport_vac.csv",2021-10-05,2021-10-04
"mazowieckie","Płock",132839,67,61026,11,"t1462","20211005074502_rap_rcb_pow_eksport_vac.csv",2021-10-05,2021-10-04
"mazowieckie","Radom",239252,313,109909,51,"t1463","20211005074502_rap_rcb_pow_eksport_vac.csv",2021-10-05,2021-10-04
"mazowieckie","Siedlce",119941,87,56389,32,"t1464","20211005074502_rap_rcb_pow_eksport_vac.csv",2021-10-05,2021-10-04
"mazowieckie","Warszawa",2634160,2719,1221522,296,"t1465","20211005074502_rap_rcb_pow_eksport_vac.csv",2021-10-05,2021-10-04
"opolskie","brzeski",72341,11,34058,0,"t1601","20211005074502_rap_rcb_pow_eksport_vac.csv",2021-10-05,2021-10-04
"opolskie","głubczycki",42260,3,19864,0,"t1602","20211005074502_rap_rcb_pow_eksport_vac.csv",2021-10-05,2021-10-04
"opolskie","kędzierzyńsko-kozielski",82156,0,38691,0,"t1603","20211005074502_rap_rcb_pow_eksport_vac.csv",2021-10-05,2021-10-04
"opolskie","kluczborski",55762,27,26356,1,"t1604","20211005074502_rap_rcb_pow_eksport_vac.csv",2021-10-05,2021-10-04
"opolskie","krapkowicki",98768,10,45353,1,"t1605","20211005074502_rap_rcb_pow_eksport_vac.csv",2021-10-05,2021-10-04
"opolskie","namysłowski",28818,10,13551,0,"t1606","20211005074502_rap_rcb_pow_eksport_vac.csv",2021-10-05,2021-10-04
"opolskie","nyski",95967,49,45691,0,"t1607","20211005074502_rap_rcb_pow_eksport_vac.csv",2021-10-05,2021-10-04
"opolskie","oleski",49736,27,23632,8,"t1608","20211005074502_rap_rcb_pow_eksport_vac.csv",2021-10-05,2021-10-04
"opolskie","opolski",67400,72,31355,22,"t1609","20211005074502_rap_rcb_pow_eksport_vac.csv",2021-10-05,2021-10-04
"opolskie","prudnicki",40781,18,19016,4,"t1610","20211005074502_rap_rcb_pow_eksport_vac.csv",2021-10-05,2021-10-04
"opolskie","strzelecki",58115,79,26934,13,"t1611","20211005074502_rap_rcb_pow_eksport_vac.csv",2021-10-05,2021-10-04
"opolskie","Opole",192567,206,89627,27,"t1661","20211005074502_rap_rcb_pow_eksport_vac.csv",2021-10-05,2021-10-04
"podkarpackie","bieszczadzki",10447,12,5014,3,"t1801","20211005074502_rap_rcb_pow_eksport_vac.csv",2021-10-05,2021-10-04
"podkarpackie","brzozowski",47235,22,22177,1,"t1802","20211005074502_rap_rcb_pow_eksport_vac.csv",2021-10-05,2021-10-04
"podkarpackie","dębicki",67547,54,29158,4,"t1803","20211005074502_rap_rcb_pow_eksport_vac.csv",2021-10-05,2021-10-04
"podkarpackie","jarosławski",59603,70,27170,15,"t1804","20211005074502_rap_rcb_pow_eksport_vac.csv",2021-10-05,2021-10-04
"podkarpackie","jasielski",62040,11,27804,3,"t1805","20211005074502_rap_rcb_pow_eksport_vac.csv",2021-10-05,2021-10-04
"podkarpackie","kolbuszowski",23455,15,10878,2,"t1806","20211005074502_rap_rcb_pow_eksport_vac.csv",2021-10-05,2021-10-04
"podkarpackie","krośnieński",50754,17,24487,0,"t1807","20211005074502_rap_rcb_pow_eksport_vac.csv",2021-10-05,2021-10-04
"podkarpackie","leżajski",42399,33,19268,9,"t1808","20211005074502_rap_rcb_pow_eksport_vac.csv",2021-10-05,2021-10-04
"podkarpackie","lubaczowski",33884,52,15654,13,"t1809","20211005074502_rap_rcb_pow_eksport_vac.csv",2021-10-05,2021-10-04
"podkarpackie","łańcucki",42245,40,20106,8,"t1810","20211005074502_rap_rcb_pow_eksport_vac.csv",2021-10-05,2021-10-04
"podkarpackie","mielecki",89417,40,42434,10,"t1811","20211005074502_rap_rcb_pow_eksport_vac.csv",2021-10-05,2021-10-04
"podkarpackie","niżański",33740,0,16207,0,"t1812","20211005074502_rap_rcb_pow_eksport_vac.csv",2021-10-05,2021-10-04
"podkarpackie","przemyski",20059,8,9760,0,"t1813","20211005074502_rap_rcb_pow_eksport_vac.csv",2021-10-05,2021-10-04
"podkarpackie","przeworski",30925,24,14814,2,"t1814","20211005074502_rap_rcb_pow_eksport_vac.csv",2021-10-05,2021-10-04
"podkarpackie","ropczycko-sędziszowski",39812,82,18149,44,"t1815","20211005074502_rap_rcb_pow_eksport_vac.csv",2021-10-05,2021-10-04
"podkarpackie","rzeszowski",56201,6,26245,2,"t1816","20211005074502_rap_rcb_pow_eksport_vac.csv",2021-10-05,2021-10-04
"podkarpackie","sanocki",39645,10,18182,0,"t1817","20211005074502_rap_rcb_pow_eksport_vac.csv",2021-10-05,2021-10-04
"podkarpackie","stalowowolski",75880,79,35572,5,"t1818","20211005074502_rap_rcb_pow_eksport_vac.csv",2021-10-05,2021-10-04
"podkarpackie","strzyżowski",28370,4,13822,0,"t1819","20211005074502_rap_rcb_pow_eksport_vac.csv",2021-10-05,2021-10-04
"podkarpackie","tarnobrzeski",16645,13,7482,0,"t1820","20211005074502_rap_rcb_pow_eksport_vac.csv",2021-10-05,2021-10-04
"podkarpackie","leski",14635,0,6974,0,"t1821","20211005074502_rap_rcb_pow_eksport_vac.csv",2021-10-05,2021-10-04
"podkarpackie","Krosno",45478,22,21506,3,"t1861","20211005074502_rap_rcb_pow_eksport_vac.csv",2021-10-05,2021-10-04
"podkarpackie","Przemyśl",47868,101,21504,13,"t1862","20211005074502_rap_rcb_pow_eksport_vac.csv",2021-10-05,2021-10-04
"podkarpackie","Rzeszów",576322,492,266245,94,"t1863","20211005074502_rap_rcb_pow_eksport_vac.csv",2021-10-05,2021-10-04
"podkarpackie","Tarnobrzeg",63503,83,29629,8,"t1864","20211005074502_rap_rcb_pow_eksport_vac.csv",2021-10-05,2021-10-04
"podlaskie","augustowski",44292,21,20444,2,"t2001","20211005074502_rap_rcb_pow_eksport_vac.csv",2021-10-05,2021-10-04
"podlaskie","białostocki",64626,24,30734,7,"t2002","20211005074502_rap_rcb_pow_eksport_vac.csv",2021-10-05,2021-10-04
"podlaskie","bielski",37541,32,17786,6,"t2003","20211005074502_rap_rcb_pow_eksport_vac.csv",2021-10-05,2021-10-04
"podlaskie","grajewski",29339,5,14046,1,"t2004","20211005074502_rap_rcb_pow_eksport_vac.csv",2021-10-05,2021-10-04
"podlaskie","hajnowski",30089,5,14073,0,"t2005","20211005074502_rap_rcb_pow_eksport_vac.csv",2021-10-05,2021-10-04
"podlaskie","kolneński",23113,13,10775,6,"t2006","20211005074502_rap_rcb_pow_eksport_vac.csv",2021-10-05,2021-10-04
"podlaskie","łomżyński",16326,0,7828,0,"t2007","20211005074502_rap_rcb_pow_eksport_vac.csv",2021-10-05,2021-10-04
"podlaskie","moniecki",23696,0,11249,0,"t2008","20211005074502_rap_rcb_pow_eksport_vac.csv",2021-10-05,2021-10-04
"podlaskie","sejneński",12472,0,5898,0,"t2009","20211005074502_rap_rcb_pow_eksport_vac.csv",2021-10-05,2021-10-04
"podlaskie","siemiatycki",32404,17,15623,4,"t2010","20211005074502_rap_rcb_pow_eksport_vac.csv",2021-10-05,2021-10-04
"podlaskie","sokólski",44507,36,21306,10,"t2011","20211005074502_rap_rcb_pow_eksport_vac.csv",2021-10-05,2021-10-04
"podlaskie","suwalski",8815,0,4207,0,"t2012","20211005074502_rap_rcb_pow_eksport_vac.csv",2021-10-05,2021-10-04
"podlaskie","wysokomazowiecki",48251,10,23032,1,"t2013","20211005074502_rap_rcb_pow_eksport_vac.csv",2021-10-05,2021-10-04
"podlaskie","zambrowski",28179,5,13016,0,"t2014","20211005074502_rap_rcb_pow_eksport_vac.csv",2021-10-05,2021-10-04
"podlaskie","Białystok",502207,420,231532,34,"t2061","20211005074502_rap_rcb_pow_eksport_vac.csv",2021-10-05,2021-10-04
"podlaskie","Łomża",70109,91,33160,6,"t2062","20211005074502_rap_rcb_pow_eksport_vac.csv",2021-10-05,2021-10-04
"podlaskie","Suwałki",58986,60,26826,6,"t2063","20211005074502_rap_rcb_pow_eksport_vac.csv",2021-10-05,2021-10-04
"pomorskie","bytowski",69171,60,32065,2,"t2201","20211005074502_rap_rcb_pow_eksport_vac.csv",2021-10-05,2021-10-04
"pomorskie","chojnicki",89224,91,41895,10,"t2202","20211005074502_rap_rcb_pow_eksport_vac.csv",2021-10-05,2021-10-04
"pomorskie","człuchowski",42388,71,18931,12,"t2203","20211005074502_rap_rcb_pow_eksport_vac.csv",2021-10-05,2021-10-04
"pomorskie","gdański",60972,49,29113,0,"t2204","20211005074502_rap_rcb_pow_eksport_vac.csv",2021-10-05,2021-10-04
"pomorskie","kartuski",95734,17,44758,0,"t2205","20211005074502_rap_rcb_pow_eksport_vac.csv",2021-10-05,2021-10-04
"pomorskie","kościerski",65220,6,30883,5,"t2206","20211005074502_rap_rcb_pow_eksport_vac.csv",2021-10-05,2021-10-04
"pomorskie","kwidzyński",66154,42,30928,15,"t2207","20211005074502_rap_rcb_pow_eksport_vac.csv",2021-10-05,2021-10-04
"pomorskie","lęborski",59675,87,27564,9,"t2208","20211005074502_rap_rcb_pow_eksport_vac.csv",2021-10-05,2021-10-04
"pomorskie","malborski",42732,68,20222,1,"t2209","20211005074502_rap_rcb_pow_eksport_vac.csv",2021-10-05,2021-10-04
"pomorskie","nowodworski",33569,0,15580,0,"t2210","20211005074502_rap_rcb_pow_eksport_vac.csv",2021-10-05,2021-10-04
"pomorskie","pucki",60531,47,28339,5,"t2211","20211005074502_rap_rcb_pow_eksport_vac.csv",2021-10-05,2021-10-04
"pomorskie","słupski",47714,87,22471,3,"t2212","20211005074502_rap_rcb_pow_eksport_vac.csv",2021-10-05,2021-10-04
"pomorskie","starogardzki",103125,119,48203,25,"t2213","20211005074502_rap_rcb_pow_eksport_vac.csv",2021-10-05,2021-10-04
"pomorskie","tczewski",85265,28,38607,17,"t2214","20211005074502_rap_rcb_pow_eksport_vac.csv",2021-10-05,2021-10-04
"pomorskie","wejherowski",163787,95,76559,15,"t2215","20211005074502_rap_rcb_pow_eksport_vac.csv",2021-10-05,2021-10-04
"pomorskie","sztumski",43691,38,19950,7,"t2216","20211005074502_rap_rcb_pow_eksport_vac.csv",2021-10-05,2021-10-04
"pomorskie","Gdańsk",841305,875,394256,101,"t2261","20211005074502_rap_rcb_pow_eksport_vac.csv",2021-10-05,2021-10-04
"pomorskie","Gdynia",294661,378,131935,74,"t2262","20211005074502_rap_rcb_pow_eksport_vac.csv",2021-10-05,2021-10-04
"pomorskie","Słupsk",118708,78,55592,10,"t2263","20211005074502_rap_rcb_pow_eksport_vac.csv",2021-10-05,2021-10-04
"pomorskie","Sopot",95385,169,45498,8,"t2264","20211005074502_rap_rcb_pow_eksport_vac.csv",2021-10-05,2021-10-04
"śląskie","będziński",114874,79,53725,12,"t2401","20211005074502_rap_rcb_pow_eksport_vac.csv",2021-10-05,2021-10-04
"śląskie","bielski",112490,12,49928,1,"t2402","20211005074502_rap_rcb_pow_eksport_vac.csv",2021-10-05,2021-10-04
"śląskie","cieszyński",163812,38,76409,8,"t2403","20211005074502_rap_rcb_pow_eksport_vac.csv",2021-10-05,2021-10-04
"śląskie","częstochowski",91892,43,43459,20,"t2404","20211005074502_rap_rcb_pow_eksport_vac.csv",2021-10-05,2021-10-04
"śląskie","gliwicki",137536,27,60142,0,"t2405","20211005074502_rap_rcb_pow_eksport_vac.csv",2021-10-05,2021-10-04
"śląskie","kłobucki",59686,27,27545,11,"t2406","20211005074502_rap_rcb_pow_eksport_vac.csv",2021-10-05,2021-10-04
"śląskie","lubliniecki",55769,9,25737,0,"t2407","20211005074502_rap_rcb_pow_eksport_vac.csv",2021-10-05,2021-10-04
"śląskie","mikołowski",42582,5,20313,0,"t2408","20211005074502_rap_rcb_pow_eksport_vac.csv",2021-10-05,2021-10-04
"śląskie","myszkowski",57486,0,27222,0,"t2409","20211005074502_rap_rcb_pow_eksport_vac.csv",2021-10-05,2021-10-04
"śląskie","pszczyński",67581,38,31767,10,"t2410","20211005074502_rap_rcb_pow_eksport_vac.csv",2021-10-05,2021-10-04
"śląskie","raciborski",91656,77,42769,19,"t2411","20211005074502_rap_rcb_pow_eksport_vac.csv",2021-10-05,2021-10-04
"śląskie","rybnicki",26940,0,13046,0,"t2412","20211005074502_rap_rcb_pow_eksport_vac.csv",2021-10-05,2021-10-04
"śląskie","tarnogórski",151447,144,72062,15,"t2413","20211005074502_rap_rcb_pow_eksport_vac.csv",2021-10-05,2021-10-04
"śląskie","bieruńsko-lędziński",40160,21,18962,9,"t2414","20211005074502_rap_rcb_pow_eksport_vac.csv",2021-10-05,2021-10-04
"śląskie","wodzisławski",128457,52,59570,21,"t2415","20211005074502_rap_rcb_pow_eksport_vac.csv",2021-10-05,2021-10-04
"śląskie","zawierciański",107362,72,49183,12,"t2416","20211005074502_rap_rcb_pow_eksport_vac.csv",2021-10-05,2021-10-04
"śląskie","żywiecki",109631,25,51913,5,"t2417","20211005074502_rap_rcb_pow_eksport_vac.csv",2021-10-05,2021-10-04
"śląskie","Bielsko-Biała",226188,139,104789,26,"t2461","20211005074502_rap_rcb_pow_eksport_vac.csv",2021-10-05,2021-10-04
"śląskie","Bytom",148781,104,68920,8,"t2462","20211005074502_rap_rcb_pow_eksport_vac.csv",2021-10-05,2021-10-04
"śląskie","Chorzów",118538,55,54912,2,"t2463","20211005074502_rap_rcb_pow_eksport_vac.csv",2021-10-05,2021-10-04
"śląskie","Częstochowa",270061,275,125534,78,"t2464","20211005074502_rap_rcb_pow_eksport_vac.csv",2021-10-05,2021-10-04
"śląskie","Dąbrowa Górnicza",94130,37,43604,2,"t2465","20211005074502_rap_rcb_pow_eksport_vac.csv",2021-10-05,2021-10-04
"śląskie","Gliwice",286353,217,132669,48,"t2466","20211005074502_rap_rcb_pow_eksport_vac.csv",2021-10-05,2021-10-04
"śląskie","Jastrzębie-Zdrój",60873,26,28442,0,"t2467","20211005074502_rap_rcb_pow_eksport_vac.csv",2021-10-05,2021-10-04
"śląskie","Jaworzno",94762,45,43596,10,"t2468","20211005074502_rap_rcb_pow_eksport_vac.csv",2021-10-05,2021-10-04
"śląskie","Katowice",600121,650,278960,90,"t2469","20211005074502_rap_rcb_pow_eksport_vac.csv",2021-10-05,2021-10-04
"śląskie","Mysłowice",51808,46,24719,1,"t2470","20211005074502_rap_rcb_pow_eksport_vac.csv",2021-10-05,2021-10-04
"śląskie","Piekary Śląskie",40193,48,18704,15,"t2471","20211005074502_rap_rcb_pow_eksport_vac.csv",2021-10-05,2021-10-04
"śląskie","Ruda Śląska",186467,79,89413,19,"t2472","20211005074502_rap_rcb_pow_eksport_vac.csv",2021-10-05,2021-10-04
"śląskie","Rybnik",70559,102,32702,47,"t2473","20211005074502_rap_rcb_pow_eksport_vac.csv",2021-10-05,2021-10-04
"śląskie","Siemianowice Śląskie",90826,119,42854,24,"t2474","20211005074502_rap_rcb_pow_eksport_vac.csv",2021-10-05,2021-10-04
"śląskie","Sosnowiec",221804,287,101222,45,"t2475","20211005074502_rap_rcb_pow_eksport_vac.csv",2021-10-05,2021-10-04
"śląskie","Świętochłowice",42453,40,19920,3,"t2476","20211005074502_rap_rcb_pow_eksport_vac.csv",2021-10-05,2021-10-04
"śląskie","Tychy",117098,75,55939,13,"t2477","20211005074502_rap_rcb_pow_eksport_vac.csv",2021-10-05,2021-10-04
"śląskie","Zabrze",141365,144,63259,37,"t2478","20211005074502_rap_rcb_pow_eksport_vac.csv",2021-10-05,2021-10-04
"śląskie","Żory",64242,2,29947,0,"t2479","20211005074502_rap_rcb_pow_eksport_vac.csv",2021-10-05,2021-10-04
"świętokrzyskie","buski",54089,18,25280,2,"t2601","20211005074502_rap_rcb_pow_eksport_vac.csv",2021-10-05,2021-10-04
"świętokrzyskie","jędrzejowski",79448,21,37512,3,"t2602","20211005074502_rap_rcb_pow_eksport_vac.csv",2021-10-05,2021-10-04
"świętokrzyskie","kazimierski",26622,16,12175,10,"t2603","20211005074502_rap_rcb_pow_eksport_vac.csv",2021-10-05,2021-10-04
"świętokrzyskie","kielecki",121348,37,55357,5,"t2604","20211005074502_rap_rcb_pow_eksport_vac.csv",2021-10-05,2021-10-04
"świętokrzyskie","konecki",58929,13,27275,0,"t2605","20211005074502_rap_rcb_pow_eksport_vac.csv",2021-10-05,2021-10-04
"świętokrzyskie","opatowski",37331,24,17579,10,"t2606","20211005074502_rap_rcb_pow_eksport_vac.csv",2021-10-05,2021-10-04
"świętokrzyskie","ostrowiecki",92652,81,43295,27,"t2607","20211005074502_rap_rcb_pow_eksport_vac.csv",2021-10-05,2021-10-04
"świętokrzyskie","pińczowski",37597,6,16110,1,"t2608","20211005074502_rap_rcb_pow_eksport_vac.csv",2021-10-05,2021-10-04
"świętokrzyskie","sandomierski",80094,15,37461,1,"t2609","20211005074502_rap_rcb_pow_eksport_vac.csv",2021-10-05,2021-10-04
"świętokrzyskie","skarżyski",53498,38,25309,20,"t2610","20211005074502_rap_rcb_pow_eksport_vac.csv",2021-10-05,2021-10-04
"świętokrzyskie","starachowicki",65190,42,30462,0,"t2611","20211005074502_rap_rcb_pow_eksport_vac.csv",2021-10-05,2021-10-04
"świętokrzyskie","staszowski",38532,60,17997,28,"t2612","20211005074502_rap_rcb_pow_eksport_vac.csv",2021-10-05,2021-10-04
"świętokrzyskie","włoszczowski",47206,44,21818,12,"t2613","20211005074502_rap_rcb_pow_eksport_vac.csv",2021-10-05,2021-10-04
"świętokrzyskie","Kielce",291930,153,134650,27,"t2661","20211005074502_rap_rcb_pow_eksport_vac.csv",2021-10-05,2021-10-04
"warmińsko-mazurskie","bartoszycki",56469,23,26218,20,"t2801","20211005074502_rap_rcb_pow_eksport_vac.csv",2021-10-05,2021-10-04
"warmińsko-mazurskie","braniewski",31063,11,14985,2,"t2802","20211005074502_rap_rcb_pow_eksport_vac.csv",2021-10-05,2021-10-04
"warmińsko-mazurskie","działdowski",53760,56,25494,4,"t2803","20211005074502_rap_rcb_pow_eksport_vac.csv",2021-10-05,2021-10-04
"warmińsko-mazurskie","elbląski",38920,0,18744,0,"t2804","20211005074502_rap_rcb_pow_eksport_vac.csv",2021-10-05,2021-10-04
"warmińsko-mazurskie","ełcki",86732,50,37285,5,"t2805","20211005074502_rap_rcb_pow_eksport_vac.csv",2021-10-05,2021-10-04
"warmińsko-mazurskie","giżycki",44997,53,21554,18,"t2806","20211005074502_rap_rcb_pow_eksport_vac.csv",2021-10-05,2021-10-04
"warmińsko-mazurskie","iławski",70991,24,32781,0,"t2807","20211005074502_rap_rcb_pow_eksport_vac.csv",2021-10-05,2021-10-04
"warmińsko-mazurskie","kętrzyński",44354,61,21188,16,"t2808","20211005074502_rap_rcb_pow_eksport_vac.csv",2021-10-05,2021-10-04
"warmińsko-mazurskie","lidzbarski",31282,0,14936,0,"t2809","20211005074502_rap_rcb_pow_eksport_vac.csv",2021-10-05,2021-10-04
"warmińsko-mazurskie","mrągowski",30987,32,14100,2,"t2810","20211005074502_rap_rcb_pow_eksport_vac.csv",2021-10-05,2021-10-04
"warmińsko-mazurskie","nidzicki",50781,24,19976,0,"t2811","20211005074502_rap_rcb_pow_eksport_vac.csv",2021-10-05,2021-10-04
"warmińsko-mazurskie","nowomiejski",38811,38,18103,0,"t2812","20211005074502_rap_rcb_pow_eksport_vac.csv",2021-10-05,2021-10-04
"warmińsko-mazurskie","olecki",25799,58,12356,14,"t2813","20211005074502_rap_rcb_pow_eksport_vac.csv",2021-10-05,2021-10-04
"warmińsko-mazurskie","olsztyński",98632,0,46311,0,"t2814","20211005074502_rap_rcb_pow_eksport_vac.csv",2021-10-05,2021-10-04
"warmińsko-mazurskie","ostródzki",72857,78,34471,23,"t2815","20211005074502_rap_rcb_pow_eksport_vac.csv",2021-10-05,2021-10-04
"warmińsko-mazurskie","piski",52428,88,24326,10,"t2816","20211005074502_rap_rcb_pow_eksport_vac.csv",2021-10-05,2021-10-04
"warmińsko-mazurskie","szczycieński",57234,51,27136,8,"t2817","20211005074502_rap_rcb_pow_eksport_vac.csv",2021-10-05,2021-10-04
"warmińsko-mazurskie","gołdapski",19678,7,9180,1,"t2818","20211005074502_rap_rcb_pow_eksport_vac.csv",2021-10-05,2021-10-04
"warmińsko-mazurskie","węgorzewski",21171,2,10235,2,"t2819","20211005074502_rap_rcb_pow_eksport_vac.csv",2021-10-05,2021-10-04
"warmińsko-mazurskie","Elbląg",130713,183,61891,19,"t2861","20211005074502_rap_rcb_pow_eksport_vac.csv",2021-10-05,2021-10-04
"warmińsko-mazurskie","Olsztyn",236550,264,108512,33,"t2862","20211005074502_rap_rcb_pow_eksport_vac.csv",2021-10-05,2021-10-04
"wielkopolskie","chodzieski",41817,19,19423,4,"t3001","20211005074502_rap_rcb_pow_eksport_vac.csv",2021-10-05,2021-10-04
"wielkopolskie","czarnkowsko-trzcianecki",90122,0,42120,0,"t3002","20211005074502_rap_rcb_pow_eksport_vac.csv",2021-10-05,2021-10-04
"wielkopolskie","gnieźnieński",150418,67,71333,18,"t3003","20211005074502_rap_rcb_pow_eksport_vac.csv",2021-10-05,2021-10-04
"wielkopolskie","gostyński",80519,28,38373,7,"t3004","20211005074502_rap_rcb_pow_eksport_vac.csv",2021-10-05,2021-10-04
"wielkopolskie","grodziski",38123,0,18550,0,"t3005","20211005074502_rap_rcb_pow_eksport_vac.csv",2021-10-05,2021-10-04
"wielkopolskie","jarociński",58056,102,27846,42,"t3006","20211005074502_rap_rcb_pow_eksport_vac.csv",2021-10-05,2021-10-04
"wielkopolskie","kaliski",65224,7,30906,0,"t3007","20211005074502_rap_rcb_pow_eksport_vac.csv",2021-10-05,2021-10-04
"wielkopolskie","kępiński",47030,2,22015,0,"t3008","20211005074502_rap_rcb_pow_eksport_vac.csv",2021-10-05,2021-10-04
"wielkopolskie","kolski",68722,15,31670,1,"t3009","20211005074502_rap_rcb_pow_eksport_vac.csv",2021-10-05,2021-10-04
"wielkopolskie","koniński",80118,35,36872,5,"t3010","20211005074502_rap_rcb_pow_eksport_vac.csv",2021-10-05,2021-10-04
"wielkopolskie","kościański",67567,23,32050,5,"t3011","20211005074502_rap_rcb_pow_eksport_vac.csv",2021-10-05,2021-10-04
"wielkopolskie","krotoszyński",64649,28,30998,17,"t3012","20211005074502_rap_rcb_pow_eksport_vac.csv",2021-10-05,2021-10-04
"wielkopolskie","leszczyński",21011,14,10020,5,"t3013","20211005074502_rap_rcb_pow_eksport_vac.csv",2021-10-05,2021-10-04
"wielkopolskie","międzychodzki",35009,0,16725,0,"t3014","20211005074502_rap_rcb_pow_eksport_vac.csv",2021-10-05,2021-10-04
"wielkopolskie","nowotomyski",64100,6,30632,2,"t3015","20211005074502_rap_rcb_pow_eksport_vac.csv",2021-10-05,2021-10-04
"wielkopolskie","obornicki",84409,65,37553,10,"t3016","20211005074502_rap_rcb_pow_eksport_vac.csv",2021-10-05,2021-10-04
"wielkopolskie","ostrowski",136656,98,62195,28,"t3017","20211005074502_rap_rcb_pow_eksport_vac.csv",2021-10-05,2021-10-04
"wielkopolskie","ostrzeszowski",46073,31,21056,12,"t3018","20211005074502_rap_rcb_pow_eksport_vac.csv",2021-10-05,2021-10-04
"wielkopolskie","pilski",102350,106,48913,21,"t3019","20211005074502_rap_rcb_pow_eksport_vac.csv",2021-10-05,2021-10-04
"wielkopolskie","pleszewski",65788,33,31158,20,"t3020","20211005074502_rap_rcb_pow_eksport_vac.csv",2021-10-05,2021-10-04
"wielkopolskie","poznański",210443,158,99360,27,"t3021","20211005074502_rap_rcb_pow_eksport_vac.csv",2021-10-05,2021-10-04
"wielkopolskie","rawicki",56730,75,26170,5,"t3022","20211005074502_rap_rcb_pow_eksport_vac.csv",2021-10-05,2021-10-04
"wielkopolskie","słupecki",44580,48,20916,4,"t3023","20211005074502_rap_rcb_pow_eksport_vac.csv",2021-10-05,2021-10-04
"wielkopolskie","szamotulski",72732,16,33951,4,"t3024","20211005074502_rap_rcb_pow_eksport_vac.csv",2021-10-05,2021-10-04
"wielkopolskie","średzki",67087,30,32150,7,"t3025","20211005074502_rap_rcb_pow_eksport_vac.csv",2021-10-05,2021-10-04
"wielkopolskie","śremski",37382,62,17615,19,"t3026","20211005074502_rap_rcb_pow_eksport_vac.csv",2021-10-05,2021-10-04
"wielkopolskie","turecki",61621,29,29301,7,"t3027","20211005074502_rap_rcb_pow_eksport_vac.csv",2021-10-05,2021-10-04
"wielkopolskie","wągrowiecki",33806,30,16009,7,"t3028","20211005074502_rap_rcb_pow_eksport_vac.csv",2021-10-05,2021-10-04
"wielkopolskie","wolsztyński",52128,61,24872,12,"t3029","20211005074502_rap_rcb_pow_eksport_vac.csv",2021-10-05,2021-10-04
"wielkopolskie","wrzesiński",69157,38,32023,12,"t3030","20211005074502_rap_rcb_pow_eksport_vac.csv",2021-10-05,2021-10-04
"wielkopolskie","złotowski",45280,18,20969,4,"t3031","20211005074502_rap_rcb_pow_eksport_vac.csv",2021-10-05,2021-10-04
"wielkopolskie","Kalisz",113587,83,53541,18,"t3061","20211005074502_rap_rcb_pow_eksport_vac.csv",2021-10-05,2021-10-04
"wielkopolskie","Konin",106470,104,49294,11,"t3062","20211005074502_rap_rcb_pow_eksport_vac.csv",2021-10-05,2021-10-04
"wielkopolskie","Leszno",76757,12,33852,4,"t3063","20211005074502_rap_rcb_pow_eksport_vac.csv",2021-10-05,2021-10-04
"wielkopolskie","Poznań",1146567,884,538526,104,"t3064","20211005074502_rap_rcb_pow_eksport_vac.csv",2021-10-05,2021-10-04
"zachodniopomorskie","białogardzki",46050,42,21213,5,"t3201","20211005074502_rap_rcb_pow_eksport_vac.csv",2021-10-05,2021-10-04
"zachodniopomorskie","choszczeński",39299,73,18261,4,"t3202","20211005074502_rap_rcb_pow_eksport_vac.csv",2021-10-05,2021-10-04
"zachodniopomorskie","drawski",60024,33,27408,4,"t3203","20211005074502_rap_rcb_pow_eksport_vac.csv",2021-10-05,2021-10-04
"zachodniopomorskie","goleniowski",66853,49,30587,10,"t3204","20211005074502_rap_rcb_pow_eksport_vac.csv",2021-10-05,2021-10-04
"zachodniopomorskie","gryficki",37900,34,17330,1,"t3205","20211005074502_rap_rcb_pow_eksport_vac.csv",2021-10-05,2021-10-04
"zachodniopomorskie","gryfiński",59732,14,27915,0,"t3206","20211005074502_rap_rcb_pow_eksport_vac.csv",2021-10-05,2021-10-04
"zachodniopomorskie","kamieński",50135,57,23170,13,"t3207","20211005074502_rap_rcb_pow_eksport_vac.csv",2021-10-05,2021-10-04
"zachodniopomorskie","kołobrzeski",93825,93,44020,5,"t3208","20211005074502_rap_rcb_pow_eksport_vac.csv",2021-10-05,2021-10-04
"zachodniopomorskie","koszaliński",36034,0,16417,0,"t3209","20211005074502_rap_rcb_pow_eksport_vac.csv",2021-10-05,2021-10-04
"zachodniopomorskie","myśliborski",43024,53,19874,2,"t3210","20211005074502_rap_rcb_pow_eksport_vac.csv",2021-10-05,2021-10-04
"zachodniopomorskie","policki",51693,43,24447,8,"t3211","20211005074502_rap_rcb_pow_eksport_vac.csv",2021-10-05,2021-10-04
"zachodniopomorskie","pyrzycki",30091,0,14467,0,"t3212","20211005074502_rap_rcb_pow_eksport_vac.csv",2021-10-05,2021-10-04
"zachodniopomorskie","sławieński",54808,85,25101,10,"t3213","20211005074502_rap_rcb_pow_eksport_vac.csv",2021-10-05,2021-10-04
"zachodniopomorskie","stargardzki",94171,28,43456,2,"t3214","20211005074502_rap_rcb_pow_eksport_vac.csv",2021-10-05,2021-10-04
"zachodniopomorskie","szczecinecki",86362,90,39132,17,"t3215","20211005074502_rap_rcb_pow_eksport_vac.csv",2021-10-05,2021-10-04
"zachodniopomorskie","świdwiński",42044,51,18697,23,"t3216","20211005074502_rap_rcb_pow_eksport_vac.csv",2021-10-05,2021-10-04
"zachodniopomorskie","wałecki",40812,31,19476,1,"t3217","20211005074502_rap_rcb_pow_eksport_vac.csv",2021-10-05,2021-10-04
"zachodniopomorskie","łobeski",47887,45,20333,7,"t3218","20211005074502_rap_rcb_pow_eksport_vac.csv",2021-10-05,2021-10-04
"zachodniopomorskie","Koszalin",126211,168,59050,9,"t3261","20211005074502_rap_rcb_pow_eksport_vac.csv",2021-10-05,2021-10-04
"zachodniopomorskie","Szczecin",592916,729,271321,122,"t3262","20211005074502_rap_rcb_pow_eksport_vac.csv",2021-10-05,2021-10-04
"zachodniopomorskie","Świnoujście",41895,2,19804,0,"t3263","20211005074502_rap_rcb_pow_eksport_vac.csv",2021-10-05,2021-10-04
"Cały kraj","",37666261,29960,17503147,4858,"t0000","20211005074502_rap_rcb_pow_eksport_vac.csv",2021-10-05,2021-10-04
"woj_puste","pow_puste",4,0,0,0,"t00","20211006074502_rap_rcb_pow_eksport_vac.csv",2021-10-06,2021-10-05
"dolnośląskie","bolesławiecki",75216,160,33787,51,"t0201","20211006074502_rap_rcb_pow_eksport_vac.csv",2021-10-06,2021-10-05
"dolnośląskie","dzierżoniowski",71110,111,33138,36,"t0202","20211006074502_rap_rcb_pow_eksport_vac.csv",2021-10-06,2021-10-05
"dolnośląskie","głogowski",67253,142,30302,31,"t0203","20211006074502_rap_rcb_pow_eksport_vac.csv",2021-10-06,2021-10-05
"dolnośląskie","górowski",27199,0,12329,0,"t0204","20211006074502_rap_rcb_pow_eksport_vac.csv",2021-10-06,2021-10-05
"dolnośląskie","jaworski",40121,63,18058,20,"t0205","20211006074502_rap_rcb_pow_eksport_vac.csv",2021-10-06,2021-10-05
"dolnośląskie","jeleniogórski",52613,31,24218,0,"t0206","20211006074502_rap_rcb_pow_eksport_vac.csv",2021-10-06,2021-10-05
"dolnośląskie","kamiennogórski",33008,81,15316,1,"t0207","20211006074502_rap_rcb_pow_eksport_vac.csv",2021-10-06,2021-10-05
"dolnośląskie","kłodzki",132297,206,61611,37,"t0208","20211006074502_rap_rcb_pow_eksport_vac.csv",2021-10-06,2021-10-05
"dolnośląskie","legnicki",44959,14,19986,0,"t0209","20211006074502_rap_rcb_pow_eksport_vac.csv",2021-10-06,2021-10-05
"dolnośląskie","lubański",30875,3,12963,0,"t0210","20211006074502_rap_rcb_pow_eksport_vac.csv",2021-10-06,2021-10-05
"dolnośląskie","lubiński",128356,234,60804,30,"t0211","20211006074502_rap_rcb_pow_eksport_vac.csv",2021-10-06,2021-10-05
"dolnośląskie","lwówecki",43122,56,19909,4,"t0212","20211006074502_rap_rcb_pow_eksport_vac.csv",2021-10-06,2021-10-05
"dolnośląskie","milicki",35335,2,16619,0,"t0213","20211006074502_rap_rcb_pow_eksport_vac.csv",2021-10-06,2021-10-05
"dolnośląskie","oleśnicki",102355,10,46528,4,"t0214","20211006074502_rap_rcb_pow_eksport_vac.csv",2021-10-06,2021-10-05
"dolnośląskie","oławski",46258,82,21741,0,"t0215","20211006074502_rap_rcb_pow_eksport_vac.csv",2021-10-06,2021-10-05
"dolnośląskie","polkowicki",42693,30,18649,9,"t0216","20211006074502_rap_rcb_pow_eksport_vac.csv",2021-10-06,2021-10-05
"dolnośląskie","strzeliński",38304,89,17781,8,"t0217","20211006074502_rap_rcb_pow_eksport_vac.csv",2021-10-06,2021-10-05
"dolnośląskie","średzki",22759,51,10682,4,"t0218","20211006074502_rap_rcb_pow_eksport_vac.csv",2021-10-06,2021-10-05
"dolnośląskie","świdnicki",105912,202,48267,65,"t0219","20211006074502_rap_rcb_pow_eksport_vac.csv",2021-10-06,2021-10-05
"dolnośląskie","trzebnicki",61443,31,29390,5,"t0220","20211006074502_rap_rcb_pow_eksport_vac.csv",2021-10-06,2021-10-05
"dolnośląskie","wałbrzyski",32301,57,15292,7,"t0221","20211006074502_rap_rcb_pow_eksport_vac.csv",2021-10-06,2021-10-05
"dolnośląskie","wołowski",43614,78,19372,3,"t0222","20211006074502_rap_rcb_pow_eksport_vac.csv",2021-10-06,2021-10-05
"dolnośląskie","wrocławski",105930,80,50186,9,"t0223","20211006074502_rap_rcb_pow_eksport_vac.csv",2021-10-06,2021-10-05
"dolnośląskie","ząbkowicki",57384,37,26569,3,"t0224","20211006074502_rap_rcb_pow_eksport_vac.csv",2021-10-06,2021-10-05
"dolnośląskie","zgorzelecki",61661,88,27857,32,"t0225","20211006074502_rap_rcb_pow_eksport_vac.csv",2021-10-06,2021-10-05
"dolnośląskie","złotoryjski",35980,15,16146,1,"t0226","20211006074502_rap_rcb_pow_eksport_vac.csv",2021-10-06,2021-10-05
"dolnośląskie","Jelenia Góra",92966,52,44318,14,"t0261","20211006074502_rap_rcb_pow_eksport_vac.csv",2021-10-06,2021-10-05
"dolnośląskie","Legnica",93055,99,43375,11,"t0262","20211006074502_rap_rcb_pow_eksport_vac.csv",2021-10-06,2021-10-05
"dolnośląskie","Wrocław",1082197,1303,502835,100,"t0264","20211006074502_rap_rcb_pow_eksport_vac.csv",2021-10-06,2021-10-05
"dolnośląskie","Wałbrzych",215857,159,99933,25,"t0265","20211006074502_rap_rcb_pow_eksport_vac.csv",2021-10-06,2021-10-05
"kujawsko-pomorskie","aleksandrowski",134805,65,63774,10,"t0401","20211006074502_rap_rcb_pow_eksport_vac.csv",2021-10-06,2021-10-05
"kujawsko-pomorskie","brodnicki",74577,29,34765,6,"t0402","20211006074502_rap_rcb_pow_eksport_vac.csv",2021-10-06,2021-10-05
"kujawsko-pomorskie","bydgoski",79264,103,37302,11,"t0403","20211006074502_rap_rcb_pow_eksport_vac.csv",2021-10-06,2021-10-05
"kujawsko-pomorskie","chełmiński",43226,98,20098,31,"t0404","20211006074502_rap_rcb_pow_eksport_vac.csv",2021-10-06,2021-10-05
"kujawsko-pomorskie","golubsko-dobrzyński",36934,18,17092,6,"t0405","20211006074502_rap_rcb_pow_eksport_vac.csv",2021-10-06,2021-10-05
"kujawsko-pomorskie","grudziądzki",27266,42,12328,6,"t0406","20211006074502_rap_rcb_pow_eksport_vac.csv",2021-10-06,2021-10-05
"kujawsko-pomorskie","inowrocławski",107582,178,50725,21,"t0407","20211006074502_rap_rcb_pow_eksport_vac.csv",2021-10-06,2021-10-05
"kujawsko-pomorskie","lipnowski",55252,122,25284,17,"t0408","20211006074502_rap_rcb_pow_eksport_vac.csv",2021-10-06,2021-10-05
"kujawsko-pomorskie","mogileński",34266,52,15898,12,"t0409","20211006074502_rap_rcb_pow_eksport_vac.csv",2021-10-06,2021-10-05
"kujawsko-pomorskie","nakielski",87722,48,38918,2,"t0410","20211006074502_rap_rcb_pow_eksport_vac.csv",2021-10-06,2021-10-05
"kujawsko-pomorskie","radziejowski",45433,6,21213,0,"t0411","20211006074502_rap_rcb_pow_eksport_vac.csv",2021-10-06,2021-10-05
"kujawsko-pomorskie","rypiński",37217,79,17371,52,"t0412","20211006074502_rap_rcb_pow_eksport_vac.csv",2021-10-06,2021-10-05
"kujawsko-pomorskie","sępoleński",49878,67,22781,2,"t0413","20211006074502_rap_rcb_pow_eksport_vac.csv",2021-10-06,2021-10-05
"kujawsko-pomorskie","świecki",81095,141,36982,21,"t0414","20211006074502_rap_rcb_pow_eksport_vac.csv",2021-10-06,2021-10-05
"kujawsko-pomorskie","toruński",73761,58,32351,13,"t0415","20211006074502_rap_rcb_pow_eksport_vac.csv",2021-10-06,2021-10-05
"kujawsko-pomorskie","tucholski",40460,4,18493,0,"t0416","20211006074502_rap_rcb_pow_eksport_vac.csv",2021-10-06,2021-10-05
"kujawsko-pomorskie","wąbrzeski",29268,27,13257,10,"t0417","20211006074502_rap_rcb_pow_eksport_vac.csv",2021-10-06,2021-10-05
"kujawsko-pomorskie","włocławski",67079,45,31859,9,"t0418","20211006074502_rap_rcb_pow_eksport_vac.csv",2021-10-06,2021-10-05
"kujawsko-pomorskie","żniński",54113,54,25623,23,"t0419","20211006074502_rap_rcb_pow_eksport_vac.csv",2021-10-06,2021-10-05
"kujawsko-pomorskie","Bydgoszcz",448006,543,207125,54,"t0461","20211006074502_rap_rcb_pow_eksport_vac.csv",2021-10-06,2021-10-05
"kujawsko-pomorskie","Grudziądz",127521,195,58579,18,"t0462","20211006074502_rap_rcb_pow_eksport_vac.csv",2021-10-06,2021-10-05
"kujawsko-pomorskie","Toruń",201869,249,92104,45,"t0463","20211006074502_rap_rcb_pow_eksport_vac.csv",2021-10-06,2021-10-05
"kujawsko-pomorskie","Włocławek",98183,110,43837,8,"t0464","20211006074502_rap_rcb_pow_eksport_vac.csv",2021-10-06,2021-10-05
"lubelskie","bialski",63567,96,28936,12,"t0601","20211006074502_rap_rcb_pow_eksport_vac.csv",2021-10-06,2021-10-05
"lubelskie","biłgorajski",55978,113,26459,8,"t0602","20211006074502_rap_rcb_pow_eksport_vac.csv",2021-10-06,2021-10-05
"lubelskie","chełmski",37185,55,17469,15,"t0603","20211006074502_rap_rcb_pow_eksport_vac.csv",2021-10-06,2021-10-05
"lubelskie","hrubieszowski",46552,98,21242,11,"t0604","20211006074502_rap_rcb_pow_eksport_vac.csv",2021-10-06,2021-10-05
"lubelskie","janowski",32307,49,15015,21,"t0605","20211006074502_rap_rcb_pow_eksport_vac.csv",2021-10-06,2021-10-05
"lubelskie","krasnostawski",42632,50,19516,3,"t0606","20211006074502_rap_rcb_pow_eksport_vac.csv",2021-10-06,2021-10-05
"lubelskie","kraśnicki",68836,102,32434,23,"t0607","20211006074502_rap_rcb_pow_eksport_vac.csv",2021-10-06,2021-10-05
"lubelskie","lubartowski",57296,79,26779,6,"t0608","20211006074502_rap_rcb_pow_eksport_vac.csv",2021-10-06,2021-10-05
"lubelskie","lubelski",87283,96,39644,2,"t0609","20211006074502_rap_rcb_pow_eksport_vac.csv",2021-10-06,2021-10-05
"lubelskie","łęczyński",41322,25,19672,3,"t0610","20211006074502_rap_rcb_pow_eksport_vac.csv",2021-10-06,2021-10-05
"lubelskie","łukowski",58563,96,27338,4,"t0611","20211006074502_rap_rcb_pow_eksport_vac.csv",2021-10-06,2021-10-05
"lubelskie","opolski",46816,77,21537,36,"t0612","20211006074502_rap_rcb_pow_eksport_vac.csv",2021-10-06,2021-10-05
"lubelskie","parczewski",29021,11,13335,0,"t0613","20211006074502_rap_rcb_pow_eksport_vac.csv",2021-10-06,2021-10-05
"lubelskie","puławski",101526,189,48002,31,"t0614","20211006074502_rap_rcb_pow_eksport_vac.csv",2021-10-06,2021-10-05
"lubelskie","radzyński",31796,77,15000,42,"t0615","20211006074502_rap_rcb_pow_eksport_vac.csv",2021-10-06,2021-10-05
"lubelskie","rycki",55152,68,26360,5,"t0616","20211006074502_rap_rcb_pow_eksport_vac.csv",2021-10-06,2021-10-05
"lubelskie","świdnicki",48226,100,22806,10,"t0617","20211006074502_rap_rcb_pow_eksport_vac.csv",2021-10-06,2021-10-05
"lubelskie","tomaszowski",58039,75,26741,36,"t0618","20211006074502_rap_rcb_pow_eksport_vac.csv",2021-10-06,2021-10-05
"lubelskie","włodawski",35934,57,16699,14,"t0619","20211006074502_rap_rcb_pow_eksport_vac.csv",2021-10-06,2021-10-05
"lubelskie","zamojski",50071,54,24258,10,"t0620","20211006074502_rap_rcb_pow_eksport_vac.csv",2021-10-06,2021-10-05
"lubelskie","Biała Podlaska",72831,136,34017,13,"t0661","20211006074502_rap_rcb_pow_eksport_vac.csv",2021-10-06,2021-10-05
"lubelskie","Chełm",65723,51,29781,0,"t0662","20211006074502_rap_rcb_pow_eksport_vac.csv",2021-10-06,2021-10-05
"lubelskie","Lublin",462146,643,208955,42,"t0663","20211006074502_rap_rcb_pow_eksport_vac.csv",2021-10-06,2021-10-05
"lubelskie","Zamość",92806,120,43341,29,"t0664","20211006074502_rap_rcb_pow_eksport_vac.csv",2021-10-06,2021-10-05
"lubuskie","gorzowski",30394,15,14088,0,"t0801","20211006074502_rap_rcb_pow_eksport_vac.csv",2021-10-06,2021-10-05
"lubuskie","krośnieński",52379,23,24574,8,"t0802","20211006074502_rap_rcb_pow_eksport_vac.csv",2021-10-06,2021-10-05
"lubuskie","międzyrzecki",69170,117,31991,20,"t0803","20211006074502_rap_rcb_pow_eksport_vac.csv",2021-10-06,2021-10-05
"lubuskie","nowosolski",95342,85,42282,5,"t0804","20211006074502_rap_rcb_pow_eksport_vac.csv",2021-10-06,2021-10-05
"lubuskie","słubicki",39998,29,18907,7,"t0805","20211006074502_rap_rcb_pow_eksport_vac.csv",2021-10-06,2021-10-05
"lubuskie","strzelecko-drezdenecki",52564,71,23331,23,"t0806","20211006074502_rap_rcb_pow_eksport_vac.csv",2021-10-06,2021-10-05
"lubuskie","sulęciński",32420,79,14507,16,"t0807","20211006074502_rap_rcb_pow_eksport_vac.csv",2021-10-06,2021-10-05
"lubuskie","świebodziński",56588,11,26106,0,"t0808","20211006074502_rap_rcb_pow_eksport_vac.csv",2021-10-06,2021-10-05
"lubuskie","zielonogórski",91251,35,42207,1,"t0809","20211006074502_rap_rcb_pow_eksport_vac.csv",2021-10-06,2021-10-05
"lubuskie","żagański",71195,67,32039,6,"t0810","20211006074502_rap_rcb_pow_eksport_vac.csv",2021-10-06,2021-10-05
"lubuskie","żarski",103126,181,48019,29,"t0811","20211006074502_rap_rcb_pow_eksport_vac.csv",2021-10-06,2021-10-05
"lubuskie","wschowski",28242,1,13498,0,"t0812","20211006074502_rap_rcb_pow_eksport_vac.csv",2021-10-06,2021-10-05
"lubuskie","Gorzów Wielkopolski",158878,252,71900,34,"t0861","20211006074502_rap_rcb_pow_eksport_vac.csv",2021-10-06,2021-10-05
"lubuskie","Zielona Góra",156322,213,73658,58,"t0862","20211006074502_rap_rcb_pow_eksport_vac.csv",2021-10-06,2021-10-05
"łódzkie","bełchatowski",76429,47,34785,2,"t1001","20211006074502_rap_rcb_pow_eksport_vac.csv",2021-10-06,2021-10-05
"łódzkie","kutnowski",91499,70,44200,9,"t1002","20211006074502_rap_rcb_pow_eksport_vac.csv",2021-10-06,2021-10-05
"łódzkie","łaski",37103,64,17662,8,"t1003","20211006074502_rap_rcb_pow_eksport_vac.csv",2021-10-06,2021-10-05
"łódzkie","łęczycki",53273,79,24485,9,"t1004","20211006074502_rap_rcb_pow_eksport_vac.csv",2021-10-06,2021-10-05
"łódzkie","łowicki",92621,129,44001,9,"t1005","20211006074502_rap_rcb_pow_eksport_vac.csv",2021-10-06,2021-10-05
"łódzkie","łódzki wschodni",38532,118,17361,48,"t1006","20211006074502_rap_rcb_pow_eksport_vac.csv",2021-10-06,2021-10-05
"łódzkie","opoczyński",61706,6,27815,1,"t1007","20211006074502_rap_rcb_pow_eksport_vac.csv",2021-10-06,2021-10-05
"łódzkie","pabianicki",111820,214,52643,53,"t1008","20211006074502_rap_rcb_pow_eksport_vac.csv",2021-10-06,2021-10-05
"łódzkie","pajęczański",30500,23,13886,0,"t1009","20211006074502_rap_rcb_pow_eksport_vac.csv",2021-10-06,2021-10-05
"łódzkie","piotrkowski",51685,22,23989,9,"t1010","20211006074502_rap_rcb_pow_eksport_vac.csv",2021-10-06,2021-10-05
"łódzkie","poddębicki",38304,29,18049,14,"t1011","20211006074502_rap_rcb_pow_eksport_vac.csv",2021-10-06,2021-10-05
"łódzkie","radomszczański",91165,40,42990,2,"t1012","20211006074502_rap_rcb_pow_eksport_vac.csv",2021-10-06,2021-10-05
"łódzkie","rawski",29970,37,13726,2,"t1013","20211006074502_rap_rcb_pow_eksport_vac.csv",2021-10-06,2021-10-05
"łódzkie","sieradzki",103368,81,47022,12,"t1014","20211006074502_rap_rcb_pow_eksport_vac.csv",2021-10-06,2021-10-05
"łódzkie","skierniewicki",24619,0,11599,0,"t1015","20211006074502_rap_rcb_pow_eksport_vac.csv",2021-10-06,2021-10-05
"łódzkie","tomaszowski",108752,18,51313,1,"t1016","20211006074502_rap_rcb_pow_eksport_vac.csv",2021-10-06,2021-10-05
"łódzkie","wieluński",89751,12,42599,0,"t1017","20211006074502_rap_rcb_pow_eksport_vac.csv",2021-10-06,2021-10-05
"łódzkie","wieruszowski",34000,23,15383,0,"t1018","20211006074502_rap_rcb_pow_eksport_vac.csv",2021-10-06,2021-10-05
"łódzkie","zduńskowolski",51545,126,23860,36,"t1019","20211006074502_rap_rcb_pow_eksport_vac.csv",2021-10-06,2021-10-05
"łódzkie","zgierski",133938,167,62685,17,"t1020","20211006074502_rap_rcb_pow_eksport_vac.csv",2021-10-06,2021-10-05
"łódzkie","brzeziński",35625,49,16960,12,"t1021","20211006074502_rap_rcb_pow_eksport_vac.csv",2021-10-06,2021-10-05
"łódzkie","Łódź",929684,878,435519,129,"t1061","20211006074502_rap_rcb_pow_eksport_vac.csv",2021-10-06,2021-10-05
"łódzkie","Piotrków Trybunalski",85077,107,39330,15,"t1062","20211006074502_rap_rcb_pow_eksport_vac.csv",2021-10-06,2021-10-05
"łódzkie","Skierniewice",74881,41,35031,8,"t1063","20211006074502_rap_rcb_pow_eksport_vac.csv",2021-10-06,2021-10-05
"małopolskie","bocheński",80477,96,36057,13,"t1201","20211006074502_rap_rcb_pow_eksport_vac.csv",2021-10-06,2021-10-05
"małopolskie","brzeski",68822,58,31863,6,"t1202","20211006074502_rap_rcb_pow_eksport_vac.csv",2021-10-06,2021-10-05
"małopolskie","chrzanowski",113841,136,52189,31,"t1203","20211006074502_rap_rcb_pow_eksport_vac.csv",2021-10-06,2021-10-05
"małopolskie","dąbrowski",43474,6,20326,0,"t1204","20211006074502_rap_rcb_pow_eksport_vac.csv",2021-10-06,2021-10-05
"małopolskie","gorlicki",88007,108,41505,32,"t1205","20211006074502_rap_rcb_pow_eksport_vac.csv",2021-10-06,2021-10-05
"małopolskie","krakowski",163844,114,76541,19,"t1206","20211006074502_rap_rcb_pow_eksport_vac.csv",2021-10-06,2021-10-05
"małopolskie","limanowski",90960,17,41727,0,"t1207","20211006074502_rap_rcb_pow_eksport_vac.csv",2021-10-06,2021-10-05
"małopolskie","miechowski",62030,5,29650,0,"t1208","20211006074502_rap_rcb_pow_eksport_vac.csv",2021-10-06,2021-10-05
"małopolskie","myślenicki",106473,26,49868,8,"t1209","20211006074502_rap_rcb_pow_eksport_vac.csv",2021-10-06,2021-10-05
"małopolskie","nowosądecki",133828,70,59854,38,"t1210","20211006074502_rap_rcb_pow_eksport_vac.csv",2021-10-06,2021-10-05
"małopolskie","nowotarski",133898,126,60839,5,"t1211","20211006074502_rap_rcb_pow_eksport_vac.csv",2021-10-06,2021-10-05
"małopolskie","olkuski",111898,14,51882,2,"t1212","20211006074502_rap_rcb_pow_eksport_vac.csv",2021-10-06,2021-10-05
"małopolskie","oświęcimski",124428,139,58438,33,"t1213","20211006074502_rap_rcb_pow_eksport_vac.csv",2021-10-06,2021-10-05
"małopolskie","proszowicki",44888,38,21324,2,"t1214","20211006074502_rap_rcb_pow_eksport_vac.csv",2021-10-06,2021-10-05
"małopolskie","suski",70430,70,33342,30,"t1215","20211006074502_rap_rcb_pow_eksport_vac.csv",2021-10-06,2021-10-05
"małopolskie","tarnowski",97489,37,45265,9,"t1216","20211006074502_rap_rcb_pow_eksport_vac.csv",2021-10-06,2021-10-05
"małopolskie","tatrzański",36361,5,17070,1,"t1217","20211006074502_rap_rcb_pow_eksport_vac.csv",2021-10-06,2021-10-05
"małopolskie","wadowicki",123039,30,55194,8,"t1218","20211006074502_rap_rcb_pow_eksport_vac.csv",2021-10-06,2021-10-05
"małopolskie","wielicki",113521,120,51349,19,"t1219","20211006074502_rap_rcb_pow_eksport_vac.csv",2021-10-06,2021-10-05
"małopolskie","Kraków",1212303,1131,570414,128,"t1261","20211006074502_rap_rcb_pow_eksport_vac.csv",2021-10-06,2021-10-05
"małopolskie","Nowy Sącz",65697,18,30962,1,"t1262","20211006074502_rap_rcb_pow_eksport_vac.csv",2021-10-06,2021-10-05
"małopolskie","Tarnów",117461,104,53414,31,"t1263","20211006074502_rap_rcb_pow_eksport_vac.csv",2021-10-06,2021-10-05
"mazowieckie","białobrzeski",36594,5,17350,0,"t1401","20211006074502_rap_rcb_pow_eksport_vac.csv",2021-10-06,2021-10-05
"mazowieckie","ciechanowski",82019,85,38718,11,"t1402","20211006074502_rap_rcb_pow_eksport_vac.csv",2021-10-06,2021-10-05
"mazowieckie","garwoliński",84700,67,40501,0,"t1403","20211006074502_rap_rcb_pow_eksport_vac.csv",2021-10-06,2021-10-05
"mazowieckie","gostyniński",29013,0,13975,0,"t1404","20211006074502_rap_rcb_pow_eksport_vac.csv",2021-10-06,2021-10-05
"mazowieckie","grodziski",98048,104,44792,20,"t1405","20211006074502_rap_rcb_pow_eksport_vac.csv",2021-10-06,2021-10-05
"mazowieckie","grójecki",107941,33,50665,1,"t1406","20211006074502_rap_rcb_pow_eksport_vac.csv",2021-10-06,2021-10-05
"mazowieckie","kozienicki",45190,87,21531,40,"t1407","20211006074502_rap_rcb_pow_eksport_vac.csv",2021-10-06,2021-10-05
"mazowieckie","legionowski",78788,86,34387,36,"t1408","20211006074502_rap_rcb_pow_eksport_vac.csv",2021-10-06,2021-10-05
"mazowieckie","lipski",27031,13,12848,0,"t1409","20211006074502_rap_rcb_pow_eksport_vac.csv",2021-10-06,2021-10-05
"mazowieckie","łosicki",19030,1,9175,0,"t1410","20211006074502_rap_rcb_pow_eksport_vac.csv",2021-10-06,2021-10-05
"mazowieckie","makowski",42645,47,19626,4,"t1411","20211006074502_rap_rcb_pow_eksport_vac.csv",2021-10-06,2021-10-05
"mazowieckie","miński",132329,130,59386,30,"t1412","20211006074502_rap_rcb_pow_eksport_vac.csv",2021-10-06,2021-10-05
"mazowieckie","mławski",62459,50,29702,11,"t1413","20211006074502_rap_rcb_pow_eksport_vac.csv",2021-10-06,2021-10-05
"mazowieckie","nowodworski",115652,81,53196,28,"t1414","20211006074502_rap_rcb_pow_eksport_vac.csv",2021-10-06,2021-10-05
"mazowieckie","ostrołęcki",50718,8,23839,5,"t1415","20211006074502_rap_rcb_pow_eksport_vac.csv",2021-10-06,2021-10-05
"mazowieckie","ostrowski",51737,6,25191,0,"t1416","20211006074502_rap_rcb_pow_eksport_vac.csv",2021-10-06,2021-10-05
"mazowieckie","otwocki",94541,127,45318,29,"t1417","20211006074502_rap_rcb_pow_eksport_vac.csv",2021-10-06,2021-10-05
"mazowieckie","piaseczyński",250077,148,116352,8,"t1418","20211006074502_rap_rcb_pow_eksport_vac.csv",2021-10-06,2021-10-05
"mazowieckie","płocki",88169,129,41784,53,"t1419","20211006074502_rap_rcb_pow_eksport_vac.csv",2021-10-06,2021-10-05
"mazowieckie","płoński",81599,38,37949,11,"t1420","20211006074502_rap_rcb_pow_eksport_vac.csv",2021-10-06,2021-10-05
"mazowieckie","pruszkowski",139100,159,65354,60,"t1421","20211006074502_rap_rcb_pow_eksport_vac.csv",2021-10-06,2021-10-05
"mazowieckie","przasnyski",51441,0,24565,0,"t1422","20211006074502_rap_rcb_pow_eksport_vac.csv",2021-10-06,2021-10-05
"mazowieckie","przysuski",29562,74,13906,32,"t1423","20211006074502_rap_rcb_pow_eksport_vac.csv",2021-10-06,2021-10-05
"mazowieckie","pułtuski",47812,68,22718,38,"t1424","20211006074502_rap_rcb_pow_eksport_vac.csv",2021-10-06,2021-10-05
"mazowieckie","radomski",65513,107,30719,26,"t1425","20211006074502_rap_rcb_pow_eksport_vac.csv",2021-10-06,2021-10-05
"mazowieckie","siedlecki",31831,33,15216,4,"t1426","20211006074502_rap_rcb_pow_eksport_vac.csv",2021-10-06,2021-10-05
"mazowieckie","sierpecki",45937,76,21821,2,"t1427","20211006074502_rap_rcb_pow_eksport_vac.csv",2021-10-06,2021-10-05
"mazowieckie","sochaczewski",85240,93,40196,4,"t1428","20211006074502_rap_rcb_pow_eksport_vac.csv",2021-10-06,2021-10-05
"mazowieckie","sokołowski",43395,46,20343,3,"t1429","20211006074502_rap_rcb_pow_eksport_vac.csv",2021-10-06,2021-10-05
"mazowieckie","szydłowiecki",21585,1,9544,0,"t1430","20211006074502_rap_rcb_pow_eksport_vac.csv",2021-10-06,2021-10-05
"mazowieckie","warszawski zachodni",117585,102,55536,22,"t1432","20211006074502_rap_rcb_pow_eksport_vac.csv",2021-10-06,2021-10-05
"mazowieckie","węgrowski",47554,67,22639,29,"t1433","20211006074502_rap_rcb_pow_eksport_vac.csv",2021-10-06,2021-10-05
"mazowieckie","wołomiński",217745,144,97672,35,"t1434","20211006074502_rap_rcb_pow_eksport_vac.csv",2021-10-06,2021-10-05
"mazowieckie","wyszkowski",64317,18,30596,1,"t1435","20211006074502_rap_rcb_pow_eksport_vac.csv",2021-10-06,2021-10-05
"mazowieckie","zwoleński",29044,0,13895,0,"t1436","20211006074502_rap_rcb_pow_eksport_vac.csv",2021-10-06,2021-10-05
"mazowieckie","żuromiński",30185,66,14805,22,"t1437","20211006074502_rap_rcb_pow_eksport_vac.csv",2021-10-06,2021-10-05
"mazowieckie","żyrardowski",58922,59,27517,10,"t1438","20211006074502_rap_rcb_pow_eksport_vac.csv",2021-10-06,2021-10-05
"mazowieckie","Ostrołęka",72540,77,34331,7,"t1461","20211006074502_rap_rcb_pow_eksport_vac.csv",2021-10-06,2021-10-05
"mazowieckie","Płock",132976,123,61052,24,"t1462","20211006074502_rap_rcb_pow_eksport_vac.csv",2021-10-06,2021-10-05
"mazowieckie","Radom",239494,236,109945,34,"t1463","20211006074502_rap_rcb_pow_eksport_vac.csv",2021-10-06,2021-10-05
"mazowieckie","Siedlce",120030,77,56406,14,"t1464","20211006074502_rap_rcb_pow_eksport_vac.csv",2021-10-06,2021-10-05
"mazowieckie","Warszawa",2637939,3202,1222249,557,"t1465","20211006074502_rap_rcb_pow_eksport_vac.csv",2021-10-06,2021-10-05
"opolskie","brzeski",72377,35,34071,12,"t1601","20211006074502_rap_rcb_pow_eksport_vac.csv",2021-10-06,2021-10-05
"opolskie","głubczycki",42312,51,19870,6,"t1602","20211006074502_rap_rcb_pow_eksport_vac.csv",2021-10-06,2021-10-05
"opolskie","kędzierzyńsko-kozielski",82388,226,38720,23,"t1603","20211006074502_rap_rcb_pow_eksport_vac.csv",2021-10-06,2021-10-05
"opolskie","kluczborski",55781,25,26360,5,"t1604","20211006074502_rap_rcb_pow_eksport_vac.csv",2021-10-06,2021-10-05
"opolskie","krapkowicki",98787,18,45366,12,"t1605","20211006074502_rap_rcb_pow_eksport_vac.csv",2021-10-06,2021-10-05
"opolskie","namysłowski",28937,100,13571,9,"t1606","20211006074502_rap_rcb_pow_eksport_vac.csv",2021-10-06,2021-10-05
"opolskie","nyski",96043,72,45694,3,"t1607","20211006074502_rap_rcb_pow_eksport_vac.csv",2021-10-06,2021-10-05
"opolskie","oleski",49927,188,23656,23,"t1608","20211006074502_rap_rcb_pow_eksport_vac.csv",2021-10-06,2021-10-05
"opolskie","opolski",67542,142,31405,50,"t1609","20211006074502_rap_rcb_pow_eksport_vac.csv",2021-10-06,2021-10-05
"opolskie","prudnicki",40793,12,19016,0,"t1610","20211006074502_rap_rcb_pow_eksport_vac.csv",2021-10-06,2021-10-05
"opolskie","strzelecki",58157,42,26942,8,"t1611","20211006074502_rap_rcb_pow_eksport_vac.csv",2021-10-06,2021-10-05
"opolskie","Opole",192888,315,89660,30,"t1661","20211006074502_rap_rcb_pow_eksport_vac.csv",2021-10-06,2021-10-05
"podkarpackie","bieszczadzki",10474,27,5017,4,"t1801","20211006074502_rap_rcb_pow_eksport_vac.csv",2021-10-06,2021-10-05
"podkarpackie","brzozowski",47260,23,22190,11,"t1802","20211006074502_rap_rcb_pow_eksport_vac.csv",2021-10-06,2021-10-05
"podkarpackie","dębicki",67650,79,29191,27,"t1803","20211006074502_rap_rcb_pow_eksport_vac.csv",2021-10-06,2021-10-05
"podkarpackie","jarosławski",59707,104,27189,18,"t1804","20211006074502_rap_rcb_pow_eksport_vac.csv",2021-10-06,2021-10-05
"podkarpackie","jasielski",62142,102,27810,6,"t1805","20211006074502_rap_rcb_pow_eksport_vac.csv",2021-10-06,2021-10-05
"podkarpackie","kolbuszowski",23459,4,10878,0,"t1806","20211006074502_rap_rcb_pow_eksport_vac.csv",2021-10-06,2021-10-05
"podkarpackie","krośnieński",50798,44,24494,7,"t1807","20211006074502_rap_rcb_pow_eksport_vac.csv",2021-10-06,2021-10-05
"podkarpackie","leżajski",42449,54,19290,21,"t1808","20211006074502_rap_rcb_pow_eksport_vac.csv",2021-10-06,2021-10-05
"podkarpackie","lubaczowski",33928,37,15669,11,"t1809","20211006074502_rap_rcb_pow_eksport_vac.csv",2021-10-06,2021-10-05
"podkarpackie","łańcucki",42314,69,20121,15,"t1810","20211006074502_rap_rcb_pow_eksport_vac.csv",2021-10-06,2021-10-05
"podkarpackie","mielecki",89506,87,42456,21,"t1811","20211006074502_rap_rcb_pow_eksport_vac.csv",2021-10-06,2021-10-05
"podkarpackie","niżański",33740,0,16207,0,"t1812","20211006074502_rap_rcb_pow_eksport_vac.csv",2021-10-06,2021-10-05
"podkarpackie","przemyski",20061,0,9761,0,"t1813","20211006074502_rap_rcb_pow_eksport_vac.csv",2021-10-06,2021-10-05
"podkarpackie","przeworski",30978,53,14829,15,"t1814","20211006074502_rap_rcb_pow_eksport_vac.csv",2021-10-06,2021-10-05
"podkarpackie","ropczycko-sędziszowski",39857,44,18155,6,"t1815","20211006074502_rap_rcb_pow_eksport_vac.csv",2021-10-06,2021-10-05
"podkarpackie","rzeszowski",56226,23,26256,10,"t1816","20211006074502_rap_rcb_pow_eksport_vac.csv",2021-10-06,2021-10-05
"podkarpackie","sanocki",39712,66,18186,4,"t1817","20211006074502_rap_rcb_pow_eksport_vac.csv",2021-10-06,2021-10-05
"podkarpackie","stalowowolski",76041,139,35598,25,"t1818","20211006074502_rap_rcb_pow_eksport_vac.csv",2021-10-06,2021-10-05
"podkarpackie","strzyżowski",28375,5,13822,0,"t1819","20211006074502_rap_rcb_pow_eksport_vac.csv",2021-10-06,2021-10-05
"podkarpackie","tarnobrzeski",16663,18,7483,1,"t1820","20211006074502_rap_rcb_pow_eksport_vac.csv",2021-10-06,2021-10-05
"podkarpackie","leski",14635,0,6974,0,"t1821","20211006074502_rap_rcb_pow_eksport_vac.csv",2021-10-06,2021-10-05
"podkarpackie","Krosno",45573,90,21522,16,"t1861","20211006074502_rap_rcb_pow_eksport_vac.csv",2021-10-06,2021-10-05
"podkarpackie","Przemyśl",47978,105,21522,18,"t1862","20211006074502_rap_rcb_pow_eksport_vac.csv",2021-10-06,2021-10-05
"podkarpackie","Rzeszów",576809,520,266275,35,"t1863","20211006074502_rap_rcb_pow_eksport_vac.csv",2021-10-06,2021-10-05
"podkarpackie","Tarnobrzeg",63599,94,29651,22,"t1864","20211006074502_rap_rcb_pow_eksport_vac.csv",2021-10-06,2021-10-05
"podlaskie","augustowski",44371,93,20452,6,"t2001","20211006074502_rap_rcb_pow_eksport_vac.csv",2021-10-06,2021-10-05
"podlaskie","białostocki",64788,160,30780,45,"t2002","20211006074502_rap_rcb_pow_eksport_vac.csv",2021-10-06,2021-10-05
"podlaskie","bielski",37609,63,17804,15,"t2003","20211006074502_rap_rcb_pow_eksport_vac.csv",2021-10-06,2021-10-05
"podlaskie","grajewski",29358,19,14056,10,"t2004","20211006074502_rap_rcb_pow_eksport_vac.csv",2021-10-06,2021-10-05
"podlaskie","hajnowski",30141,52,14081,8,"t2005","20211006074502_rap_rcb_pow_eksport_vac.csv",2021-10-06,2021-10-05
"podlaskie","kolneński",23136,22,10775,0,"t2006","20211006074502_rap_rcb_pow_eksport_vac.csv",2021-10-06,2021-10-05
"podlaskie","łomżyński",16354,28,7828,0,"t2007","20211006074502_rap_rcb_pow_eksport_vac.csv",2021-10-06,2021-10-05
"podlaskie","moniecki",23712,16,11249,0,"t2008","20211006074502_rap_rcb_pow_eksport_vac.csv",2021-10-06,2021-10-05
"podlaskie","sejneński",12486,12,5903,5,"t2009","20211006074502_rap_rcb_pow_eksport_vac.csv",2021-10-06,2021-10-05
"podlaskie","siemiatycki",32438,29,15627,4,"t2010","20211006074502_rap_rcb_pow_eksport_vac.csv",2021-10-06,2021-10-05
"podlaskie","sokólski",44567,61,21324,18,"t2011","20211006074502_rap_rcb_pow_eksport_vac.csv",2021-10-06,2021-10-05
"podlaskie","suwalski",8821,6,4208,1,"t2012","20211006074502_rap_rcb_pow_eksport_vac.csv",2021-10-06,2021-10-05
"podlaskie","wysokomazowiecki",48361,103,23072,38,"t2013","20211006074502_rap_rcb_pow_eksport_vac.csv",2021-10-06,2021-10-05
"podlaskie","zambrowski",28285,105,13029,13,"t2014","20211006074502_rap_rcb_pow_eksport_vac.csv",2021-10-06,2021-10-05
"podlaskie","Białystok",502741,472,231609,59,"t2061","20211006074502_rap_rcb_pow_eksport_vac.csv",2021-10-06,2021-10-05
"podlaskie","Łomża",70221,109,33171,11,"t2062","20211006074502_rap_rcb_pow_eksport_vac.csv",2021-10-06,2021-10-05
"podlaskie","Suwałki",59115,129,26835,9,"t2063","20211006074502_rap_rcb_pow_eksport_vac.csv",2021-10-06,2021-10-05
"pomorskie","bytowski",69330,158,32107,42,"t2201","20211006074502_rap_rcb_pow_eksport_vac.csv",2021-10-06,2021-10-05
"pomorskie","chojnicki",89317,95,41913,19,"t2202","20211006074502_rap_rcb_pow_eksport_vac.csv",2021-10-06,2021-10-05
"pomorskie","człuchowski",42403,6,18931,0,"t2203","20211006074502_rap_rcb_pow_eksport_vac.csv",2021-10-06,2021-10-05
"pomorskie","gdański",60996,24,29122,9,"t2204","20211006074502_rap_rcb_pow_eksport_vac.csv",2021-10-06,2021-10-05
"pomorskie","kartuski",95855,115,44797,39,"t2205","20211006074502_rap_rcb_pow_eksport_vac.csv",2021-10-06,2021-10-05
"pomorskie","kościerski",65398,178,30925,41,"t2206","20211006074502_rap_rcb_pow_eksport_vac.csv",2021-10-06,2021-10-05
"pomorskie","kwidzyński",66311,156,30963,35,"t2207","20211006074502_rap_rcb_pow_eksport_vac.csv",2021-10-06,2021-10-05
"pomorskie","lęborski",59762,87,27568,4,"t2208","20211006074502_rap_rcb_pow_eksport_vac.csv",2021-10-06,2021-10-05
"pomorskie","malborski",42784,50,20224,1,"t2209","20211006074502_rap_rcb_pow_eksport_vac.csv",2021-10-06,2021-10-05
"pomorskie","nowodworski",33600,31,15584,4,"t2210","20211006074502_rap_rcb_pow_eksport_vac.csv",2021-10-06,2021-10-05
"pomorskie","pucki",60606,52,28374,19,"t2211","20211006074502_rap_rcb_pow_eksport_vac.csv",2021-10-06,2021-10-05
"pomorskie","słupski",47741,23,22479,7,"t2212","20211006074502_rap_rcb_pow_eksport_vac.csv",2021-10-06,2021-10-05
"pomorskie","starogardzki",103289,163,48226,22,"t2213","20211006074502_rap_rcb_pow_eksport_vac.csv",2021-10-06,2021-10-05
"pomorskie","tczewski",85351,83,38646,39,"t2214","20211006074502_rap_rcb_pow_eksport_vac.csv",2021-10-06,2021-10-05
"pomorskie","wejherowski",163978,192,76612,53,"t2215","20211006074502_rap_rcb_pow_eksport_vac.csv",2021-10-06,2021-10-05
"pomorskie","sztumski",43736,45,19958,8,"t2216","20211006074502_rap_rcb_pow_eksport_vac.csv",2021-10-06,2021-10-05
"pomorskie","Gdańsk",841908,558,394307,46,"t2261","20211006074502_rap_rcb_pow_eksport_vac.csv",2021-10-06,2021-10-05
"pomorskie","Gdynia",295022,365,132028,90,"t2262","20211006074502_rap_rcb_pow_eksport_vac.csv",2021-10-06,2021-10-05
"pomorskie","Słupsk",118885,183,55613,28,"t2263","20211006074502_rap_rcb_pow_eksport_vac.csv",2021-10-06,2021-10-05
"pomorskie","Sopot",95534,151,45507,7,"t2264","20211006074502_rap_rcb_pow_eksport_vac.csv",2021-10-06,2021-10-05
"śląskie","będziński",115021,114,53763,34,"t2401","20211006074502_rap_rcb_pow_eksport_vac.csv",2021-10-06,2021-10-05
"śląskie","bielski",112514,18,49932,0,"t2402","20211006074502_rap_rcb_pow_eksport_vac.csv",2021-10-06,2021-10-05
"śląskie","cieszyński",163981,157,76449,35,"t2403","20211006074502_rap_rcb_pow_eksport_vac.csv",2021-10-06,2021-10-05
"śląskie","częstochowski",92022,130,43493,34,"t2404","20211006074502_rap_rcb_pow_eksport_vac.csv",2021-10-06,2021-10-05
"śląskie","gliwicki",137648,108,60159,16,"t2405","20211006074502_rap_rcb_pow_eksport_vac.csv",2021-10-06,2021-10-05
"śląskie","kłobucki",59770,82,27568,21,"t2406","20211006074502_rap_rcb_pow_eksport_vac.csv",2021-10-06,2021-10-05
"śląskie","lubliniecki",55807,48,25737,0,"t2407","20211006074502_rap_rcb_pow_eksport_vac.csv",2021-10-06,2021-10-05
"śląskie","mikołowski",42614,33,20316,3,"t2408","20211006074502_rap_rcb_pow_eksport_vac.csv",2021-10-06,2021-10-05
"śląskie","myszkowski",57502,15,27222,0,"t2409","20211006074502_rap_rcb_pow_eksport_vac.csv",2021-10-06,2021-10-05
"śląskie","pszczyński",67605,23,31777,10,"t2410","20211006074502_rap_rcb_pow_eksport_vac.csv",2021-10-06,2021-10-05
"śląskie","raciborski",91682,25,42771,2,"t2411","20211006074502_rap_rcb_pow_eksport_vac.csv",2021-10-06,2021-10-05
"śląskie","rybnicki",26939,0,13046,0,"t2412","20211006074502_rap_rcb_pow_eksport_vac.csv",2021-10-06,2021-10-05
"śląskie","tarnogórski",151565,120,72077,15,"t2413","20211006074502_rap_rcb_pow_eksport_vac.csv",2021-10-06,2021-10-05
"śląskie","bieruńsko-lędziński",40189,29,18962,0,"t2414","20211006074502_rap_rcb_pow_eksport_vac.csv",2021-10-06,2021-10-05
"śląskie","wodzisławski",128571,113,59602,32,"t2415","20211006074502_rap_rcb_pow_eksport_vac.csv",2021-10-06,2021-10-05
"śląskie","zawierciański",107471,104,49207,23,"t2416","20211006074502_rap_rcb_pow_eksport_vac.csv",2021-10-06,2021-10-05
"śląskie","żywiecki",109733,82,51940,23,"t2417","20211006074502_rap_rcb_pow_eksport_vac.csv",2021-10-06,2021-10-05
"śląskie","Bielsko-Biała",226376,182,104827,38,"t2461","20211006074502_rap_rcb_pow_eksport_vac.csv",2021-10-06,2021-10-05
"śląskie","Bytom",148881,100,68942,21,"t2462","20211006074502_rap_rcb_pow_eksport_vac.csv",2021-10-06,2021-10-05
"śląskie","Chorzów",118697,158,54940,25,"t2463","20211006074502_rap_rcb_pow_eksport_vac.csv",2021-10-06,2021-10-05
"śląskie","Częstochowa",270454,374,125572,32,"t2464","20211006074502_rap_rcb_pow_eksport_vac.csv",2021-10-06,2021-10-05
"śląskie","Dąbrowa Górnicza",94346,189,43626,7,"t2465","20211006074502_rap_rcb_pow_eksport_vac.csv",2021-10-06,2021-10-05
"śląskie","Gliwice",286554,195,132698,29,"t2466","20211006074502_rap_rcb_pow_eksport_vac.csv",2021-10-06,2021-10-05
"śląskie","Jastrzębie-Zdrój",60932,58,28442,0,"t2467","20211006074502_rap_rcb_pow_eksport_vac.csv",2021-10-06,2021-10-05
"śląskie","Jaworzno",94843,66,43614,17,"t2468","20211006074502_rap_rcb_pow_eksport_vac.csv",2021-10-06,2021-10-05
"śląskie","Katowice",600755,614,278998,29,"t2469","20211006074502_rap_rcb_pow_eksport_vac.csv",2021-10-06,2021-10-05
"śląskie","Mysłowice",51894,87,24744,25,"t2470","20211006074502_rap_rcb_pow_eksport_vac.csv",2021-10-06,2021-10-05
"śląskie","Piekary Śląskie",40249,56,18715,11,"t2471","20211006074502_rap_rcb_pow_eksport_vac.csv",2021-10-06,2021-10-05
"śląskie","Ruda Śląska",186593,126,89436,23,"t2472","20211006074502_rap_rcb_pow_eksport_vac.csv",2021-10-06,2021-10-05
"śląskie","Rybnik",70672,106,32715,11,"t2473","20211006074502_rap_rcb_pow_eksport_vac.csv",2021-10-06,2021-10-05
"śląskie","Siemianowice Śląskie",90867,38,42855,1,"t2474","20211006074502_rap_rcb_pow_eksport_vac.csv",2021-10-06,2021-10-05
"śląskie","Sosnowiec",222067,221,101271,45,"t2475","20211006074502_rap_rcb_pow_eksport_vac.csv",2021-10-06,2021-10-05
"śląskie","Świętochłowice",42459,6,19920,0,"t2476","20211006074502_rap_rcb_pow_eksport_vac.csv",2021-10-06,2021-10-05
"śląskie","Tychy",117244,139,55950,8,"t2477","20211006074502_rap_rcb_pow_eksport_vac.csv",2021-10-06,2021-10-05
"śląskie","Zabrze",141664,302,63282,23,"t2478","20211006074502_rap_rcb_pow_eksport_vac.csv",2021-10-06,2021-10-05
"śląskie","Żory",64263,21,29947,0,"t2479","20211006074502_rap_rcb_pow_eksport_vac.csv",2021-10-06,2021-10-05
"świętokrzyskie","buski",54142,49,25295,13,"t2601","20211006074502_rap_rcb_pow_eksport_vac.csv",2021-10-06,2021-10-05
"świętokrzyskie","jędrzejowski",79458,9,37513,0,"t2602","20211006074502_rap_rcb_pow_eksport_vac.csv",2021-10-06,2021-10-05
"świętokrzyskie","kazimierski",26630,10,12173,0,"t2603","20211006074502_rap_rcb_pow_eksport_vac.csv",2021-10-06,2021-10-05
"świętokrzyskie","kielecki",121467,89,55387,15,"t2604","20211006074502_rap_rcb_pow_eksport_vac.csv",2021-10-06,2021-10-05
"świętokrzyskie","konecki",58983,50,27282,5,"t2605","20211006074502_rap_rcb_pow_eksport_vac.csv",2021-10-06,2021-10-05
"świętokrzyskie","opatowski",37362,28,17594,13,"t2606","20211006074502_rap_rcb_pow_eksport_vac.csv",2021-10-06,2021-10-05
"świętokrzyskie","ostrowiecki",92839,154,43326,19,"t2607","20211006074502_rap_rcb_pow_eksport_vac.csv",2021-10-06,2021-10-05
"świętokrzyskie","pińczowski",37622,23,16112,1,"t2608","20211006074502_rap_rcb_pow_eksport_vac.csv",2021-10-06,2021-10-05
"świętokrzyskie","sandomierski",80225,131,37486,25,"t2609","20211006074502_rap_rcb_pow_eksport_vac.csv",2021-10-06,2021-10-05
"świętokrzyskie","skarżyski",53513,11,25312,2,"t2610","20211006074502_rap_rcb_pow_eksport_vac.csv",2021-10-06,2021-10-05
"świętokrzyskie","starachowicki",65199,10,30466,4,"t2611","20211006074502_rap_rcb_pow_eksport_vac.csv",2021-10-06,2021-10-05
"świętokrzyskie","staszowski",38550,17,18000,3,"t2612","20211006074502_rap_rcb_pow_eksport_vac.csv",2021-10-06,2021-10-05
"świętokrzyskie","włoszczowski",47240,34,21826,8,"t2613","20211006074502_rap_rcb_pow_eksport_vac.csv",2021-10-06,2021-10-05
"świętokrzyskie","Kielce",292231,277,134683,31,"t2661","20211006074502_rap_rcb_pow_eksport_vac.csv",2021-10-06,2021-10-05
"warmińsko-mazurskie","bartoszycki",56559,84,26224,6,"t2801","20211006074502_rap_rcb_pow_eksport_vac.csv",2021-10-06,2021-10-05
"warmińsko-mazurskie","braniewski",31133,70,14986,1,"t2802","20211006074502_rap_rcb_pow_eksport_vac.csv",2021-10-06,2021-10-05
"warmińsko-mazurskie","działdowski",53840,74,25505,11,"t2803","20211006074502_rap_rcb_pow_eksport_vac.csv",2021-10-06,2021-10-05
"warmińsko-mazurskie","elbląski",38920,0,18744,0,"t2804","20211006074502_rap_rcb_pow_eksport_vac.csv",2021-10-06,2021-10-05
"warmińsko-mazurskie","ełcki",86908,168,37304,18,"t2805","20211006074502_rap_rcb_pow_eksport_vac.csv",2021-10-06,2021-10-05
"warmińsko-mazurskie","giżycki",45059,57,21556,1,"t2806","20211006074502_rap_rcb_pow_eksport_vac.csv",2021-10-06,2021-10-05
"warmińsko-mazurskie","iławski",71104,111,32822,39,"t2807","20211006074502_rap_rcb_pow_eksport_vac.csv",2021-10-06,2021-10-05
"warmińsko-mazurskie","kętrzyński",44432,77,21189,1,"t2808","20211006074502_rap_rcb_pow_eksport_vac.csv",2021-10-06,2021-10-05
"warmińsko-mazurskie","lidzbarski",31327,45,14937,1,"t2809","20211006074502_rap_rcb_pow_eksport_vac.csv",2021-10-06,2021-10-05
"warmińsko-mazurskie","mrągowski",30992,5,14101,1,"t2810","20211006074502_rap_rcb_pow_eksport_vac.csv",2021-10-06,2021-10-05
"warmińsko-mazurskie","nidzicki",50880,99,19992,16,"t2811","20211006074502_rap_rcb_pow_eksport_vac.csv",2021-10-06,2021-10-05
"warmińsko-mazurskie","nowomiejski",38895,84,18114,11,"t2812","20211006074502_rap_rcb_pow_eksport_vac.csv",2021-10-06,2021-10-05
"warmińsko-mazurskie","olecki",25863,63,12375,19,"t2813","20211006074502_rap_rcb_pow_eksport_vac.csv",2021-10-06,2021-10-05
"warmińsko-mazurskie","olsztyński",98739,98,46337,17,"t2814","20211006074502_rap_rcb_pow_eksport_vac.csv",2021-10-06,2021-10-05
"warmińsko-mazurskie","ostródzki",72946,89,34487,15,"t2815","20211006074502_rap_rcb_pow_eksport_vac.csv",2021-10-06,2021-10-05
"warmińsko-mazurskie","piski",52523,97,24345,19,"t2816","20211006074502_rap_rcb_pow_eksport_vac.csv",2021-10-06,2021-10-05
"warmińsko-mazurskie","szczycieński",57285,49,27143,5,"t2817","20211006074502_rap_rcb_pow_eksport_vac.csv",2021-10-06,2021-10-05
"warmińsko-mazurskie","gołdapski",19712,31,9184,4,"t2818","20211006074502_rap_rcb_pow_eksport_vac.csv",2021-10-06,2021-10-05
"warmińsko-mazurskie","węgorzewski",21171,0,10235,0,"t2819","20211006074502_rap_rcb_pow_eksport_vac.csv",2021-10-06,2021-10-05
"warmińsko-mazurskie","Elbląg",130902,183,61928,37,"t2861","20211006074502_rap_rcb_pow_eksport_vac.csv",2021-10-06,2021-10-05
"warmińsko-mazurskie","Olsztyn",236775,232,108543,27,"t2862","20211006074502_rap_rcb_pow_eksport_vac.csv",2021-10-06,2021-10-05
"wielkopolskie","chodzieski",41928,107,19457,33,"t3001","20211006074502_rap_rcb_pow_eksport_vac.csv",2021-10-06,2021-10-05
"wielkopolskie","czarnkowsko-trzcianecki",90148,26,42131,11,"t3002","20211006074502_rap_rcb_pow_eksport_vac.csv",2021-10-06,2021-10-05
"wielkopolskie","gnieźnieński",150544,124,71382,49,"t3003","20211006074502_rap_rcb_pow_eksport_vac.csv",2021-10-06,2021-10-05
"wielkopolskie","gostyński",80662,143,38380,8,"t3004","20211006074502_rap_rcb_pow_eksport_vac.csv",2021-10-06,2021-10-05
"wielkopolskie","grodziski",38130,6,18551,0,"t3005","20211006074502_rap_rcb_pow_eksport_vac.csv",2021-10-06,2021-10-05
"wielkopolskie","jarociński",58088,30,27851,5,"t3006","20211006074502_rap_rcb_pow_eksport_vac.csv",2021-10-06,2021-10-05
"wielkopolskie","kaliski",65236,13,30906,0,"t3007","20211006074502_rap_rcb_pow_eksport_vac.csv",2021-10-06,2021-10-05
"wielkopolskie","kępiński",47037,7,22015,0,"t3008","20211006074502_rap_rcb_pow_eksport_vac.csv",2021-10-06,2021-10-05
"wielkopolskie","kolski",68818,93,31684,14,"t3009","20211006074502_rap_rcb_pow_eksport_vac.csv",2021-10-06,2021-10-05
"wielkopolskie","koniński",80177,59,36885,13,"t3010","20211006074502_rap_rcb_pow_eksport_vac.csv",2021-10-06,2021-10-05
"wielkopolskie","kościański",67612,45,32054,4,"t3011","20211006074502_rap_rcb_pow_eksport_vac.csv",2021-10-06,2021-10-05
"wielkopolskie","krotoszyński",64718,68,31006,8,"t3012","20211006074502_rap_rcb_pow_eksport_vac.csv",2021-10-06,2021-10-05
"wielkopolskie","leszczyński",21021,10,10028,8,"t3013","20211006074502_rap_rcb_pow_eksport_vac.csv",2021-10-06,2021-10-05
"wielkopolskie","międzychodzki",35015,5,16725,0,"t3014","20211006074502_rap_rcb_pow_eksport_vac.csv",2021-10-06,2021-10-05
"wielkopolskie","nowotomyski",64112,12,30639,7,"t3015","20211006074502_rap_rcb_pow_eksport_vac.csv",2021-10-06,2021-10-05
"wielkopolskie","obornicki",84427,18,37556,3,"t3016","20211006074502_rap_rcb_pow_eksport_vac.csv",2021-10-06,2021-10-05
"wielkopolskie","ostrowski",136778,107,62223,18,"t3017","20211006074502_rap_rcb_pow_eksport_vac.csv",2021-10-06,2021-10-05
"wielkopolskie","ostrzeszowski",46090,0,21059,0,"t3018","20211006074502_rap_rcb_pow_eksport_vac.csv",2021-10-06,2021-10-05
"wielkopolskie","pilski",102580,213,48969,38,"t3019","20211006074502_rap_rcb_pow_eksport_vac.csv",2021-10-06,2021-10-05
"wielkopolskie","pleszewski",65819,31,31171,13,"t3020","20211006074502_rap_rcb_pow_eksport_vac.csv",2021-10-06,2021-10-05
"wielkopolskie","poznański",210744,262,99382,17,"t3021","20211006074502_rap_rcb_pow_eksport_vac.csv",2021-10-06,2021-10-05
"wielkopolskie","rawicki",56770,41,26170,0,"t3022","20211006074502_rap_rcb_pow_eksport_vac.csv",2021-10-06,2021-10-05
"wielkopolskie","słupecki",44623,43,20942,26,"t3023","20211006074502_rap_rcb_pow_eksport_vac.csv",2021-10-06,2021-10-05
"wielkopolskie","szamotulski",72794,60,33964,12,"t3024","20211006074502_rap_rcb_pow_eksport_vac.csv",2021-10-06,2021-10-05
"wielkopolskie","średzki",67184,91,32158,7,"t3025","20211006074502_rap_rcb_pow_eksport_vac.csv",2021-10-06,2021-10-05
"wielkopolskie","śremski",37461,79,17619,4,"t3026","20211006074502_rap_rcb_pow_eksport_vac.csv",2021-10-06,2021-10-05
"wielkopolskie","turecki",61693,69,29313,9,"t3027","20211006074502_rap_rcb_pow_eksport_vac.csv",2021-10-06,2021-10-05
"wielkopolskie","wągrowiecki",33825,18,16020,11,"t3028","20211006074502_rap_rcb_pow_eksport_vac.csv",2021-10-06,2021-10-05
"wielkopolskie","wolsztyński",52130,1,24872,0,"t3029","20211006074502_rap_rcb_pow_eksport_vac.csv",2021-10-06,2021-10-05
"wielkopolskie","wrzesiński",69179,17,32024,1,"t3030","20211006074502_rap_rcb_pow_eksport_vac.csv",2021-10-06,2021-10-05
"wielkopolskie","złotowski",45347,65,20985,16,"t3031","20211006074502_rap_rcb_pow_eksport_vac.csv",2021-10-06,2021-10-05
"wielkopolskie","Kalisz",113622,26,53555,10,"t3061","20211006074502_rap_rcb_pow_eksport_vac.csv",2021-10-06,2021-10-05
"wielkopolskie","Konin",106533,62,49324,29,"t3062","20211006074502_rap_rcb_pow_eksport_vac.csv",2021-10-06,2021-10-05
"wielkopolskie","Leszno",76867,157,33867,14,"t3063","20211006074502_rap_rcb_pow_eksport_vac.csv",2021-10-06,2021-10-05
"wielkopolskie","Poznań",1147444,820,538624,83,"t3064","20211006074502_rap_rcb_pow_eksport_vac.csv",2021-10-06,2021-10-05
"zachodniopomorskie","białogardzki",46074,23,21214,0,"t3201","20211006074502_rap_rcb_pow_eksport_vac.csv",2021-10-06,2021-10-05
"zachodniopomorskie","choszczeński",39412,103,18272,11,"t3202","20211006074502_rap_rcb_pow_eksport_vac.csv",2021-10-06,2021-10-05
"zachodniopomorskie","drawski",60123,99,27413,5,"t3203","20211006074502_rap_rcb_pow_eksport_vac.csv",2021-10-06,2021-10-05
"zachodniopomorskie","goleniowski",66999,94,30615,19,"t3204","20211006074502_rap_rcb_pow_eksport_vac.csv",2021-10-06,2021-10-05
"zachodniopomorskie","gryficki",37948,43,17330,0,"t3205","20211006074502_rap_rcb_pow_eksport_vac.csv",2021-10-06,2021-10-05
"zachodniopomorskie","gryfiński",59874,142,27932,17,"t3206","20211006074502_rap_rcb_pow_eksport_vac.csv",2021-10-06,2021-10-05
"zachodniopomorskie","kamieński",50174,34,23185,15,"t3207","20211006074502_rap_rcb_pow_eksport_vac.csv",2021-10-06,2021-10-05
"zachodniopomorskie","kołobrzeski",94048,161,44047,16,"t3208","20211006074502_rap_rcb_pow_eksport_vac.csv",2021-10-06,2021-10-05
"zachodniopomorskie","koszaliński",36036,0,16417,0,"t3209","20211006074502_rap_rcb_pow_eksport_vac.csv",2021-10-06,2021-10-05
"zachodniopomorskie","myśliborski",43043,13,19876,2,"t3210","20211006074502_rap_rcb_pow_eksport_vac.csv",2021-10-06,2021-10-05
"zachodniopomorskie","policki",51740,45,24449,1,"t3211","20211006074502_rap_rcb_pow_eksport_vac.csv",2021-10-06,2021-10-05
"zachodniopomorskie","pyrzycki",30141,51,14469,2,"t3212","20211006074502_rap_rcb_pow_eksport_vac.csv",2021-10-06,2021-10-05
"zachodniopomorskie","sławieński",54855,48,25112,11,"t3213","20211006074502_rap_rcb_pow_eksport_vac.csv",2021-10-06,2021-10-05
"zachodniopomorskie","stargardzki",94367,185,43486,26,"t3214","20211006074502_rap_rcb_pow_eksport_vac.csv",2021-10-06,2021-10-05
"zachodniopomorskie","szczecinecki",86421,59,39170,38,"t3215","20211006074502_rap_rcb_pow_eksport_vac.csv",2021-10-06,2021-10-05
"zachodniopomorskie","świdwiński",42097,52,18699,2,"t3216","20211006074502_rap_rcb_pow_eksport_vac.csv",2021-10-06,2021-10-05
"zachodniopomorskie","wałecki",40871,59,19496,20,"t3217","20211006074502_rap_rcb_pow_eksport_vac.csv",2021-10-06,2021-10-05
"zachodniopomorskie","łobeski",47905,16,20333,0,"t3218","20211006074502_rap_rcb_pow_eksport_vac.csv",2021-10-06,2021-10-05
"zachodniopomorskie","Koszalin",126403,186,59075,23,"t3261","20211006074502_rap_rcb_pow_eksport_vac.csv",2021-10-06,2021-10-05
"zachodniopomorskie","Szczecin",593505,579,271370,46,"t3262","20211006074502_rap_rcb_pow_eksport_vac.csv",2021-10-06,2021-10-05
"zachodniopomorskie","Świnoujście",41917,22,19807,3,"t3263","20211006074502_rap_rcb_pow_eksport_vac.csv",2021-10-06,2021-10-05
"Cały kraj","",37708589,39512,17510282,6431,"t0000","20211006074502_rap_rcb_pow_eksport_vac.csv",2021-10-06,2021-10-05
